{"bounds":{"max":[0.5000076295109483, 0.5000076295109483, 0.5000076295109483], "min":[-0.49999237048905165, -0.49999237048905165, -0.49999237048905165]}, "center":[0.0, 0.0, 0.0], "materials":[{"base":"marker(0)"}], "normals":[[0.0, 0.5257343404287785, 0.8506294346532387], [0.0, 0.5257190814068818, 0.8506294346532387], [0.0, 0.5257038223849851, 0.8506446936751354], [-1.5259021896696422e-05, 0.5257190814068818, 0.8506294346532387], [0.0, -0.5257495994506752, 0.8506294346532387], [-1.5259021896696422e-05, -0.5257343404287785, 0.8506294346532387], [0.0, -0.5257190814068818, 0.8506446936751354], [0.0, -0.5257343404287785, 0.8506294346532387], [0.0, -0.5257495994506752, -0.8506446936751354], [0.0, -0.5257343404287785, -0.8506446936751354], [0.0, -0.5257190814068818, -0.8506599526970321], [-1.5259021896696422e-05, -0.5257343404287785, -0.8506446936751354], [0.0, 0.5257343404287785, -0.8506446936751354], [-1.5259021896696422e-05, 0.5257190814068818, -0.8506446936751354], [0.0, 0.5257038223849851, -0.8506599526970321], [0.0, 0.5257190814068818, -0.8506446936751354], [0.5257343404287785, 0.8506294346532387, 0.0], [0.5257190814068818, 0.8506294346532387, -1.5259021896696422e-05], [0.5257038223849851, 0.8506446936751354, 0.0], [0.5257190814068818, 0.8506294346532387, 0.0], [-0.5257495994506752, 0.8506294346532387, 0.0], [-0.5257343404287785, 0.8506294346532387, 0.0], [-0.5257190814068818, 0.8506446936751354, 0.0], [-0.5257343404287785, 0.8506294346532387, -1.5259021896696422e-05], [-0.5257495994506752, -0.8506446936751354, 0.0], [-0.5257343404287785, -0.8506446936751354, -1.5259021896696422e-05], [-0.5257190814068818, -0.8506599526970321, 0.0], [-0.5257343404287785, -0.8506446936751354, 0.0], [0.5257343404287785, -0.8506446936751354, 0.0], [0.5257190814068818, -0.8506446936751354, 0.0], [0.5257038223849851, -0.8506599526970321, 0.0], [0.5257190814068818, -0.8506446936751354, -1.5259021896696422e-05], [0.8506294346532387, 0.0, 0.5257343404287785], [0.8506294346532387, 0.0, 0.5257190814068818], [0.8506446936751354, 0.0, 0.5257038223849851], [0.8506294346532387, -1.5259021896696422e-05, 0.5257190814068818], [0.8506294346532387, 0.0, -0.5257495994506752], [0.8506294346532387, -1.5259021896696422e-05, -0.5257343404287785], [0.8506446936751354, 0.0, -0.5257190814068818], [0.8506294346532387, 0.0, -0.5257343404287785], [-0.8506446936751354, 0.0, -0.5257495994506752], [-0.8506446936751354, 0.0, -0.5257343404287785], [-0.8506599526970321, 0.0, -0.5257190814068818], [-0.8506446936751354, -1.5259021896696422e-05, -0.5257343404287785], [-0.8506446936751354, 0.0, 0.5257343404287785], [-0.8506446936751354, -1.5259021896696422e-05, 0.5257190814068818], [-0.8506599526970321, 0.0, 0.5257038223849851], [-0.8506446936751354, 0.0, 0.5257190814068818]], "points":[[0.1909819180590524, 0.0, 0.5000076295109483], [-0.1909666590371557, 0.0, 0.5000076295109483], [-0.30899519340810255, 0.30901045242999925, 0.30901045242999925], [0.30901045242999925, 0.30901045242999925, 0.30901045242999925], [0.30901045242999925, -0.30899519340810255, 0.30901045242999925], [-0.30899519340810255, -0.30899519340810255, 0.30901045242999925], [0.1909819180590524, 0.0, -0.49999237048905165], [-0.1909666590371557, 0.0, -0.49999237048905165], [-0.30899519340810255, -0.30899519340810255, -0.30899519340810255], [0.30901045242999925, -0.30899519340810255, -0.30899519340810255], [0.30901045242999925, 0.30901045242999925, -0.30899519340810255], [-0.30899519340810255, 0.30901045242999925, -0.30899519340810255], [0.0, 0.5000076295109483, -0.1909666590371557], [0.0, 0.5000076295109483, 0.1909819180590524], [0.5000076295109483, 0.1909819180590524, 0.0], [-0.49999237048905165, 0.1909819180590524, 0.0], [0.0, -0.49999237048905165, -0.1909666590371557], [0.0, -0.49999237048905165, 0.1909819180590524], [-0.49999237048905165, -0.1909666590371557, 0.0], [0.5000076295109483, -0.1909666590371557, 0.0], [0.0, 0.22360570687418937, 0.36179140917067215], [0.0, -0.22359044785229265, 0.36179140917067215], [0.0, -0.22359044785229265, -0.3617761501487755], [0.0, 0.22360570687418937, -0.3617761501487755], [0.22360570687418937, 0.36179140917067215, 0.0], [-0.22359044785229265, 0.36179140917067215, 0.0], [-0.22359044785229265, -0.3617761501487755, 0.0], [0.22360570687418937, -0.3617761501487755, 0.0], [0.36179140917067215, 0.0, 0.22360570687418937], [0.36179140917067215, 0.0, -0.22359044785229265], [-0.3617761501487755, 0.0, -0.22359044785229265], [-0.3617761501487755, 0.0, 0.22360570687418937]], "polys":[{"back":65535, "front":1, "mat":0, "normal":0, "tris":[1, 0, 20], "vis":1}, {"back":65535, "front":2, "mat":0, "normal":1, "tris":[2, 1, 20], "vis":1}, {"back":65535, "front":3, "mat":0, "normal":2, "tris":[13, 2, 20], "vis":1}, {"back":65535, "front":4, "mat":0, "normal":2, "tris":[3, 13, 20], "vis":1}, {"back":65535, "front":5, "mat":0, "normal":3, "tris":[0, 3, 20], "vis":1}, {"back":65535, "front":6, "mat":0, "normal":4, "tris":[0, 1, 21], "vis":1}, {"back":65535, "front":7, "mat":0, "normal":5, "tris":[4, 0, 21], "vis":1}, {"back":65535, "front":8, "mat":0, "normal":6, "tris":[17, 4, 21], "vis":1}, {"back":65535, "front":9, "mat":0, "normal":6, "tris":[5, 17, 21], "vis":1}, {"back":65535, "front":10, "mat":0, "normal":7, "tris":[1, 5, 21], "vis":1}, {"back":65535, "front":11, "mat":0, "normal":8, "tris":[7, 6, 22], "vis":1}, {"back":65535, "front":12, "mat":0, "normal":9, "tris":[8, 7, 22], "vis":1}, {"back":65535, "front":13, "mat":0, "normal":10, "tris":[16, 8, 22], "vis":1}, {"back":65535, "front":14, "mat":0, "normal":10, "tris":[9, 16, 22], "vis":1}, {"back":65535, "front":15, "mat":0, "normal":11, "tris":[6, 9, 22], "vis":1}, {"back":65535, "front":16, "mat":0, "normal":12, "tris":[6, 7, 23], "vis":1}, {"back":65535, "front":17, "mat":0, "normal":13, "tris":[10, 6, 23], "vis":1}, {"back":65535, "front":18, "mat":0, "normal":14, "tris":[12, 10, 23], "vis":1}, {"back":65535, "front":19, "mat":0, "normal":14, "tris":[11, 12, 23], "vis":1}, {"back":65535, "front":20, "mat":0, "normal":15, "tris":[7, 11, 23], "vis":1}, {"back":65535, "front":21, "mat":0, "normal":16, "tris":[24, 12, 13], "vis":1}, {"back":65535, "front":22, "mat":0, "normal":17, "tris":[3, 24, 13], "vis":1}, {"back":65535, "front":23, "mat":0, "normal":18, "tris":[24, 3, 14], "vis":1}, {"back":65535, "front":24, "mat":0, "normal":18, "tris":[10, 24, 14], "vis":1}, {"back":65535, "front":25, "mat":0, "normal":19, "tris":[24, 10, 12], "vis":1}, {"back":65535, "front":26, "mat":0, "normal":20, "tris":[12, 25, 13], "vis":1}, {"back":65535, "front":27, "mat":0, "normal":21, "tris":[11, 25, 12], "vis":1}, {"back":65535, "front":28, "mat":0, "normal":22, "tris":[25, 11, 15], "vis":1}, {"back":65535, "front":29, "mat":0, "normal":22, "tris":[2, 25, 15], "vis":1}, {"back":65535, "front":30, "mat":0, "normal":23, "tris":[25, 2, 13], "vis":1}, {"back":65535, "front":31, "mat":0, "normal":24, "tris":[26, 16, 17], "vis":1}, {"back":65535, "front":32, "mat":0, "normal":25, "tris":[5, 26, 17], "vis":1}, {"back":65535, "front":33, "mat":0, "normal":26, "tris":[26, 5, 18], "vis":1}, {"back":65535, "front":34, "mat":0, "normal":26, "tris":[8, 26, 18], "vis":1}, {"back":65535, "front":35, "mat":0, "normal":27, "tris":[26, 8, 16], "vis":1}, {"back":65535, "front":36, "mat":0, "normal":28, "tris":[16, 27, 17], "vis":1}, {"back":65535, "front":37, "mat":0, "normal":29, "tris":[9, 27, 16], "vis":1}, {"back":65535, "front":38, "mat":0, "normal":30, "tris":[27, 9, 19], "vis":1}, {"back":65535, "front":39, "mat":0, "normal":30, "tris":[4, 27, 19], "vis":1}, {"back":65535, "front":40, "mat":0, "normal":31, "tris":[27, 4, 17], "vis":1}, {"back":65535, "front":41, "mat":0, "normal":32, "tris":[19, 14, 28], "vis":1}, {"back":65535, "front":42, "mat":0, "normal":33, "tris":[4, 19, 28], "vis":1}, {"back":65535, "front":43, "mat":0, "normal":34, "tris":[0, 4, 28], "vis":1}, {"back":65535, "front":44, "mat":0, "normal":34, "tris":[3, 0, 28], "vis":1}, {"back":65535, "front":45, "mat":0,