{"bounds":{"max":[0.5000076295109483, 0.5000076295109483, 0.5000076295109483], "min":[-0.49999237048905165, -0.49999237048905165, -0.49999237048905165]}, "center":[0.0, 0.0, 0.0], "colors":["marker(0)"], "normals":[[0.0, -0.5257343404287785, -0.8506294346532387], [0.0, -0.5257190814068818, -0.8506294346532387], [0.0, -0.5257038223849851, -0.8506446936751354], [1.5259021896696422e-05, -0.5257190814068818, -0.8506294346532387], [0.0, 0.5257495994506752, -0.8506294346532387], [1.5259021896696422e-05, 0.5257343404287785, -0.8506294346532387], [0.0, 0.5257190814068818, -0.8506446936751354], [0.0, 0.5257343404287785, -0.8506294346532387], [0.0, 0.5257495994506752, 0.8506446936751354], [0.0, 0.5257343404287785, 0.8506446936751354], [0.0, 0.5257190814068818, 0.8506599526970321], [1.5259021896696422e-05, 0.5257343404287785, 0.8506446936751354], [0.0, -0.5257343404287785, 0.8506446936751354], [1.5259021896696422e-05, -0.5257190814068818, 0.8506446936751354], [0.0, -0.5257038223849851, 0.8506599526970321], [0.0, -0.5257190814068818, 0.8506446936751354], [-0.5257343404287785, -0.8506294346532387, 0.0], [-0.5257190814068818, -0.8506294346532387, 1.5259021896696422e-05], [-0.5257038223849851, -0.8506446936751354, 0.0], [-0.5257190814068818, -0.8506294346532387, 0.0], [0.5257495994506752, -0.8506294346532387, 0.0], [0.5257343404287785, -0.8506294346532387, 0.0], [0.5257190814068818, -0.8506446936751354, 0.0], [0.5257343404287785, -0.8506294346532387, 1.5259021896696422e-05], [0.5257495994506752, 0.8506446936751354, 0.0], [0.5257343404287785, 0.8506446936751354, 1.5259021896696422e-05], [0.5257190814068818, 0.8506599526970321, 0.0], [0.5257343404287785, 0.8506446936751354, 0.0], [-0.5257343404287785, 0.8506446936751354, 0.0], [-0.5257190814068818, 0.8506446936751354, 0.0], [-0.5257038223849851, 0.8506599526970321, 0.0], [-0.5257190814068818, 0.8506446936751354, 1.5259021896696422e-05], [-0.8506294346532387, 0.0, -0.5257343404287785], [-0.8506294346532387, 0.0, -0.5257190814068818], [-0.8506446936751354, 0.0, -0.5257038223849851], [-0.8506294346532387, 1.5259021896696422e-05, -0.5257190814068818], [-0.8506294346532387, 0.0, 0.5257495994506752], [-0.8506294346532387, 1.5259021896696422e-05, 0.5257343404287785], [-0.8506446936751354, 0.0, 0.5257190814068818], [-0.8506294346532387, 0.0, 0.5257343404287785], [0.8506446936751354, 0.0, 0.5257495994506752], [0.8506446936751354, 0.0, 0.5257343404287785], [0.8506599526970321, 0.0, 0.5257190814068818], [0.8506446936751354, 1.5259021896696422e-05, 0.5257343404287785], [0.8506446936751354, 0.0, -0.5257343404287785], [0.8506446936751354, 1.5259021896696422e-05, -0.5257190814068818], [0.8506599526970321, 0.0, -0.5257038223849851], [0.8506446936751354, 0.0, -0.5257190814068818]], "points":[[0.1909819180590524, 0.0, 0.5000076295109483], [-0.1909666590371557, 0.0, 0.5000076295109483], [-0.30899519340810255, 0.30901045242999925, 0.30901045242999925], [0.30901045242999925, 0.30901045242999925, 0.30901045242999925], [0.30901045242999925, -0.30899519340810255, 0.30901045242999925], [-0.30899519340810255, -0.30899519340810255, 0.30901045242999925], [0.1909819180590524, 0.0, -0.49999237048905165], [-0.1909666590371557, 0.0, -0.49999237048905165], [-0.30899519340810255, -0.30899519340810255, -0.30899519340810255], [0.30901045242999925, -0.30899519340810255, -0.30899519340810255], [0.30901045242999925, 0.30901045242999925, -0.30899519340810255], [-0.30899519340810255, 0.30901045242999925, -0.30899519340810255], [0.0, 0.5000076295109483, -0.1909666590371557], [0.0, 0.5000076295109483, 0.1909819180590524], [0.5000076295109483, 0.1909819180590524, 0.0], [-0.49999237048905165, 0.1909819180590524, 0.0], [0.0, -0.49999237048905165, -0.1909666590371557], [0.0, -0.49999237048905165, 0.1909819180590524], [-0.49999237048905165, -0.1909666590371557, 0.0], [0.5000076295109483, -0.1909666590371557, 0.0], [0.0, 0.22360570687418937, 0.36179140917067215], [0.0, -0.22359044785229265, 0.36179140917067215], [0.0, -0.22359044785229265, -0.3617761501487755], [0.0, 0.22360570687418937, -0.3617761501487755], [0.22360570687418937, 0.36179140917067215, 0.0], [-0.22359044785229265, 0.36179140917067215, 0.0], [-0.22359044785229265, -0.3617761501487755, 0.0], [0.22360570687418937, -0.3617761501487755, 0.0], [0.36179140917067215, 0.0, 0.22360570687418937], [0.36179140917067215, 0.0, -0.22359044785229265], [-0.3617761501487755, 0.0, -0.22359044785229265], [-0.3617761501487755, 0.0, 0.22360570687418937]], "polys":[{"back":65535, "color":0, "front":1, "normal":0, "tris":[20, 1, 0], "vis":1}, {"back":65535, "color":0, "front":2, "normal":1, "tris":[20, 2, 1], "vis":1}, {"back":65535, "color":0, "front":3, "normal":2, "tris":[20, 13, 2], "vis":1}, {"back":65535, "color":0, "front":4, "normal":2, "tris":[20, 3, 13], "vis":1}, {"back":65535, "color":0, "front":5, "normal":3, "tris":[20, 0, 3], "vis":1}, {"back":65535, "color":0, "front":6, "normal":4, "tris":[21, 0, 1], "vis":1}, {"back":65535, "color":0, "front":7, "normal":5, "tris":[21, 4, 0], "vis":1}, {"back":65535, "color":0, "front":8, "normal":6, "tris":[21, 17, 4], "vis":1}, {"back":65535, "color":0, "front":9, "normal":6, "tris":[21, 5, 17], "vis":1}, {"back":65535, "color":0, "front":10, "normal":7, "tris":[21, 1, 5], "vis":1}, {"back":65535, "color":0, "front":11, "normal":8, "tris":[22, 7, 6], "vis":1}, {"back":65535, "color":0, "front":12, "normal":9, "tris":[22, 8, 7], "vis":1}, {"back":65535, "color":0, "front":13, "normal":10, "tris":[22, 16, 8], "vis":1}, {"back":65535, "color":0, "front":14, "normal":10, "tris":[22, 9, 16], "vis":1}, {"back":65535, "color":0, "front":15, "normal":11, "tris":[22, 6, 9], "vis":1}, {"back":65535, "color":0, "front":16, "normal":12, "tris":[23, 6, 7], "vis":1}, {"back":65535, "color":0, "front":17, "normal":13, "tris":[23, 10, 6], "vis":1}, {"back":65535, "color":0, "front":18, "normal":14, "tris":[23, 12, 10], "vis":1}, {"back":65535, "color":0, "front":19, "normal":14, "tris":[23, 11, 12], "vis":1}, {"back":65535, "color":0, "front":20, "normal":15, "tris":[23, 7, 11], "vis":1}, {"back":65535, "color":0, "front":21, "normal":16, "tris":[13, 24, 12], "vis":1}, {"back":65535, "color":0, "front":22, "normal":17, "tris":[13, 3, 24], "vis":1}, {"back":65535, "color":0, "front":23, "normal":18, "tris":[14, 24, 3], "vis":1}, {"back":65535, "color":0, "front":24, "normal":18, "tris":[14, 10, 24], "vis":1}, {"back":65535, "color":0, "front":25, "normal":19, "tris":[12, 24, 10], "vis":1}, {"back":65535, "color":0, "front":26, "normal":20, "tris":[13, 12, 25], "vis":1}, {"back":65535, "color":0, "front":27, "normal":21, "tris":[12, 11, 25], "vis":1}, {"back":65535, "color":0, "front":28, "normal":22, "tris":[15, 25, 11], "vis":1}, {"back":65535, "color":0, "front":29, "normal":22, "tris":[15, 2, 25], "vis":1}, {"back":65535, "color":0, "front":30, "normal":23, "tris":[13, 25, 2], "vis":1}, {"back":65535, "color":0, "front":31, "normal":24, "tris":[17, 26, 16], "vis":1}, {"back":65535, "color":0, "front":32, "normal":25, "tris":[17, 5, 26], "vis":1}, {"back":65535, "color":0, "front":33, "normal":26, "tris":[18, 26, 5], "vis":1}, {"back":65535, "color":0, "front":34, "normal":26, "tris":[18, 8, 26], "vis":1}, {"back":65535, "color":0, "front":35, "normal":27, "tris":[16, 26, 8], "vis":1}, {"back":65535, "color":0, "front":36, "normal":28, "tris":[17, 16, 27], "vis":1}, {"back":65535, "color":0, "front":37, "normal":29, "tris":[16, 9, 27], "vis":1}, {"back":65535, "color":0, "front":38, "normal":30, "tris":[19, 27, 9], "vis":1}, {"back":65535, "color":0, "front":39, "normal":30, "tris":[19, 4, 27], "vis":1}, {"back":65535, "color":0, "front":40, "normal":31, "tris":[17, 27, 4], "vis":1}, {"back":65535, "color":0, "front":41, "normal":32, "tris":[28, 19, 14], "vis":1}, {"back":65535, "color":0, "front":42, "normal":33, "tris":[28, 4, 19], "vis":1}, {"back":65535, "color":0, "front":43, "normal":34, "tris":[28, 0, 4], "vis":1}, {"back":65535, "color":0, "front":44, "normal":34,