{
  "LEDI": [
    {
      "Alf": "disk-o-tech-light.alf",
      "Name": "Disk-o-tech Light",
      "Message": "With Muzak"
    }
  ],
  "HULL": {
    "2001": {
      "Hull Res ID": 215,
      "Max Missiles": 3,
      "Max Grenades": 6,
      "Max boosters": 3,
      "Mass": 140.0,
      "Max Energy": 4000.0,
      "Energy Charge": 18530.27344167239,
      "Max Shields": 899.9939116502633,
      "Shield Charge": 2607.1694819562067,
      "Min Shot": 2.0,
      "Max Shot": 1.6948348210879682,
      "Shot Charge": 13.551796749828336,
      "Riding Height": 0.2500038147554742,
      "Acceleration": 1.0,
      "Jump Power": 1.0
    }
  },
  "HSND": {
    "2101": {
      "Version": 2,
      "Loop Start": 0,
      "Loop End": 1025330,
      "Loop Count": 0,
      "Data offset": 24,
      "Base Rate": 1.0092774853131914,
      "Sound": 0,
      "Ogg": "2101.ogg",
      "Wav": "2101.wav"
    }
  }
}
