{"bounds":{"max":[2.205645838101778, -0.01390096894789039, 2.5000076295109483], "min":[-2.1997405966277563, -0.4223392080567636, -2.4977950713359274]}, "center":[0.0028686961165789275, -0.01390096894789039, 0.0012207217517357137], "colors":["marker(0)"], "normals":[[-0.11476310368505382, 0.9701228351262684, -0.2137788967727169, 0.0], [-0.13234149691004804, 0.9765926604104677, -0.1695429922941939, 0.0], [-0.24245059891660947, 0.9701380941481651, -0.0073701075761043455, 0.0], [-0.21295490959029528, 0.9766079194323644, 0.029922941939421684, 0.0], [0.02145418478675517, -0.9983978027008469, 0.05220111390859846, 0.0], [0.028458075837338826, -0.9981841763942931, 0.053025101091020065, 0.0], [0.05592431525139239, -0.9983978027008469, 0.007492179751277943, 0.0], [0.0601358052948806, -0.9981841763942931, 0.0018310826276035706, 0.0], [0.4179598687724117, 0.7339284351873044, 0.5353933012893873, 0.0], [0.3241321431296254, 0.5223163195239185, 0.7887541008621347, 0.0], [0.6725413900968948, 0.7340047302967879, -0.09449912260624094, 0.0], [0.844983596551461, 0.5226672770275426, 0.11329823758297093, 0.0], [-0.12765697718776225, 0.9701380941481651, 0.20625619897764552, 0.0], [-0.08058289463645385, 0.9766079194323644, 0.19938963912413216, 0.0], [0.03445487144274052, -0.9983978027008469, -0.04466315709163038, 0.0], [0.031662470435645074, -0.9981841763942931, -0.05113298237582975, 0.0], [0.254535744258793, 0.7340047302967879, -0.6296330205233844, 0.0], [0.5207446402685588, 0.5226672770275426, -0.6750133516441597, 0.0], [0.11474784466315709, 0.9701380941481651, 0.21371786068513007, 0.0], [0.13234149691004807, 0.9766079194323644, 0.16952773327229725, 0.0], [-0.02142366674296181, -0.9983978027008469, -0.0521705958648051, 0.0], [-0.02844281681544214, -0.9981841763942931, -0.05299458304722671, 0.0], [-0.41789883268482486, 0.7340047302967879, -0.5353322652018006, 0.0], [-0.32404058899824517, 0.5226672770275426, -0.788540474555581, 0.0], [0.24245059891660944, 0.9701380941481651, 0.007522697795071336, 0.0], [0.21298542763408865, 0.9766079194323644, -0.02978561074235142, 0.0], [-0.05590905622949571, -0.9983978027008469, -0.007507438773174613, 0.0], [-0.06012054627298391, -0.9981841763942931, -0.0018463416495002605, 0.0], [-0.6725871671625849, 0.7340047302967879, 0.09411764705882353, 0.0], [-0.8449073014419776, 0.5226672770275426, -0.11378652628366526, 0.0], [0.12779430838483252, 0.9701380941481651, -0.2061646448462654, 0.0], [0.08072022583352408, 0.9766079194323644, -0.19932860303654532, 0.0], [-0.034470130464637205, -0.9983978027008469, 0.04464789806973373, 0.0], [-0.03167772945754177, -0.9981841763942931, 0.05113298237582971, 0.0], [-0.254886701762417, 0.7340047302967879, 0.6294956893263142, 0.0], [-0.5211261158159761, 0.5226672770275426, 0.6747081712062257, 0.0]], "points":[[0.08168154421301595, -0.4223392080567636, 0.5625085831998169], [2.129488059815366, -0.01390096894789039, 1.3163500419623102], [2.205645838101778, -0.01390096894789039, -1.1821469443808652], [0.4499885557335775, -0.4223392080567636, -0.3477988860914015], [0.2021820401312276, -0.13060196841382465, 0.1544518196383612], [0.23555352101930266, -0.13060196841382465, -0.09439230945296406], [0.5288624399176013, -0.4223392080567636, 0.21339742122529945], [0.0802014190890364, -0.01390096894789039, -2.4977950713359274], [0.03672846570534829, -0.13060196841382465, -0.2477607385366598], [-0.07541008621347367, -0.4223392080567636, -0.5602044708934157], [-2.1221026932173648, -0.01390096894789039, -1.315358205539025], [-0.5221484702830548, -0.4223392080567636, -0.21145952544441904], [-0.19548332951857783, -0.13060196841382465, -0.1523155565728237], [-0.44359502555886166, -0.4223392080567636, 0.34978255893797205], [-0.22900740062561986, -0.13060196841382465, 0.09649805447470818], [-0.07507438773174635, -0.01390096894789039, 2.5000076295109483], [-2.1997405966277563, -0.01390096894789039, 1.1830930037384604], [-0.0302891584649424, -0.13060196841382465, 0.2500038147554742], [-0.12092774853131916, -0.4223392080567636, 0.48044556343938355], [-0.04655527580682073, -0.30189974822613874, 0.3701228351262684], [0.4320592050049592, -0.11848630502784774, 0.05195696955825132], [2.1921873807888916, -0.01390096894789039, -0.7405966277561609], [-2.1960021362630657, -0.01390096894789039, 1.062729839017319], [-1.5381551842526893, -0.05307087815671019, 0.8183260852979324], [-2.137727931639582, -0.01390096894789039, -0.8124513618677043], [-0.3630731670099947, -0.01390096894789039, -2.2597848477912565], [1.7778286411841, -0.01390096894789039, -1.4469672693980316], [0.031860837720302126, -0.14326695658808275, -0.2613260090028229]], "polys":[{"back":65535, "color":0, "front":1, "normal":0, "tris":[15, 0, 1], "vis":1}, {"back":65535, "color":0, "front":2, "normal":1, "tris":[1, 0, 6], "vis":1}, {"back":65535, "color":0, "front":3, "normal":2, "tris":[2, 1, 6], "vis":1}, {"back":65535, "color":0, "front":4, "normal":3, "tris":[6, 3, 2], "vis":1}, {"back":65535, "color":0, "front":5, "normal":12, "tris":[7, 2, 3], "vis":1}, {"back":65535, "color":0, "front":6, "normal":13, "tris":[7, 3, 9], "vis":1}, {"back":65535, "color":0, "front":7, "normal":18, "tris":[10, 7, 9], "vis":1}, {"back":65535, "color":0, "front":8, "normal":19, "tris":[10, 9, 11], "vis":1}, {"back":65535, "color":0, "front":9, "normal":24, "tris":[16, 10, 11], "vis":1}, {"back":65535, "color":0, "front":10, "normal":25, "tris":[16, 11, 13], "vis":1}, {"back":65535, "color":0, "front":11, "normal":30, "tris":[16, 13, 15], "vis":1}, {"back":65535, "color":0, "front":12, "normal":31, "tris":[15, 13, 0], "vis":1}, {"back":23, "color":0, "front":13, "normal":9, "tris":[17, 4, 6], "vis":1}, {"back":17, "color":0, "front":14, "normal":4, "tris":[15, 4, 17], "vis":1}, {"back":15, "color":0, "front":65535, "normal":8, "tris":[6, 0, 17], "vis":1}, {"back":65535, "color":0, "front":16, "normal":34, "tris":[18, 19, 0], "vis":1}, {"back":65535, "color":0, "front":65535, "normal":35, "tris":[17, 0, 19], "vis":1}, {"back":18, "color":0, "front":65535, "normal":5, "tris":[15, 1, 4], "vis":1}, {"back":19, "color":0, "front":65535, "normal":6, "tris":[4, 1, 20], "vis":1}, {"back":20, "color":0, "front":65535, "normal":7, "tris":[20, 1, 21], "vis":1}, {"back":21, "color":0, "front":65535, "normal":27, "tris":[23, 22, 16], "vis":1}, {"back":22, "color":0, "front":65535, "normal":32, "tris":[17, 23, 16], "vis":1}, {"back":65535, "color":0, "front":65535, "normal":33, "tris":[17, 16, 15], "vis":1}, {"back":27, "color":0, "front":24, "normal":34, "tris":[19, 18, 13, 13, 14, 19], "vis":1}, {"back":26, "color":0, "front":25, "normal":32, "tris":[17, 14, 23], "vis":1}, {"back":65535, "color":0, "front":65535, "normal":35, "tris":[19, 14, 17], "vis":1}, {"back":65535, "color":0, "front":65535, "normal":27, "tris":[14, 24, 23, 22, 23, 24], "vis":1}, {"back":32, "color":0, "front":28, "normal":28, "tris":[13, 11, 12], "vis":1}, {"back":30, "color":0, "front":29, "normal":26, "tris":[14, 12, 10], "vis":1}, {"back":65535, "color":0, "front":65535, "normal":29, "tris":[13, 12, 14], "vis":1}, {"back":31, "color":0, "front":65535, "normal":21, "tris":[25, 10, 12], "vis":1}, {"back":65535, "color":0, "front":65535, "normal":27, "tris":[14, 10, 24], "vis":1}, {"back":37, "color":0, "front":33, "normal":22, "tris":[11, 9, 8], "vis":1}, {"back":35, "color":0, "front":34, "normal":20, "tris":[12, 8, 7], "vis":1}, {"back":65535, "color":0, "front":65535, "normal":23, "tris":[11, 8, 12], "vis":1}, {"back":36, "color":0, "front":65535, "normal":15, "tris":[26, 7, 8], "vis":1}, {"back":65535, "color":0, "front":65535, "normal":21, "tris":[12, 7, 25], "vis":1}, {"back":42, "color":0, "front":38, "normal":6, "tris":[5, 4, 20], "vis":1}, {"back":40, "color":0, "front":39, "normal":11, "tris":[4, 5, 3], "vis":1}, {"back":65535, "color":0, "front":65535, "normal":10, "tris":[6, 4, 3], "vis":1}, {"back":65535, "color":0, "front":41, "normal":16, "tris":[9, 3, 5], "vis":1}, {"back":65535, "color":0, "front":65535, "normal":17,