{"bounds":{"max":[4.713237201495384, 0.9353170061799039, 3.5685053788052183], "min":[-4.76595712214847, -0.8084229800869764, -3.9514763103685056]}, "center":[-0.028595407034409104, -0.0028839551384756135, -1.6223544670786603], "colors":["marker(0)", "marker(1)", "marker(2)"], "normals":[[0.13852140077821012, -0.6739299610894942, 0.7256885633630884, 0.0], [0.23517204547188525, -0.7233539330128939, 0.6491798275730526, 0.0], [0.02269016556038758, -0.9841000991836424, -0.17607385366598005, 0.0], [0.20111390859845885, -0.978484779125658, -0.04592965590905618, 0.0], [0.8215915159838254, 0.28584725719081405, -0.49320210574502177, 0.0], [0.24721141374837874, 0.9685511558709087, -0.028198672465094998, 0.0], [0.19681086442359044, -0.9176470588235294, -0.34517433432516975, 0.0], [-0.7366750591287099, 0.16914625772487984, -0.6547188525215534, 0.0], [-0.5948577096208133, -0.657251850156405, -0.4627450980392157, 0.0], [-0.470771343556878, -0.8440222781719692, -0.25683985656519415, 0.0], [0.20869764248111697, -0.9729915312428473, -0.09846646829938199, 0.0], [0.20868238345922027, -0.973006790264744, -0.09846646829938199, 0.0], [0.6585183489738308, 0.7275806820782788, -0.1922941939421683, 0.0], [0.00012207217517357137, -0.7600213626306553, 0.6498817425803006, 0.0], [-0.00015259021896696368, 0.999847409781033, -0.017868314641031557, 0.0], [0.00016784924086366064, -0.9918669413290608, -0.12716868848706797, 0.0], [-0.00012207217517357094, 0.9966735332265202, -0.0816052491035325, 0.0], [-0.00015259021896696368, 0.9966735332265202, -0.08158999008163581, 0.0], [-0.0950942244602121, -0.8468146791790646, 0.5232928969253071, 0.0], [-0.6987563897154192, 0.7140154116121157, -0.04356450751506824, 0.0], [-0.1843137254901961, 0.9701380941481651, -0.15764095521477073, 0.0], [0.6428320744640269, -0.7073777370870526, -0.29385824368657965, 0.0], [0.4285648889906157, -0.8516975661860074, -0.3015487907225147, 0.0], [-0.6599221789883268, 0.7261921110856794, -0.1926451514457923, 0.0], [-0.6599069199664301, 0.7262073701075761, -0.1926451514457923, 0.0], [-0.16380560006103606, -0.8643930724040589, 0.4753643091477836, 0.0], [-0.16383611810482945, -0.9854886701762418, -0.044129091325246006, 0.0], [-0.1833829251544976, -0.9676661326009003, -0.17312886243991765, 0.0], [0.2025329976348516, 0.9455252918287937, -0.254886701762417, 0.0], [0.17361715114061188, -0.9217517357137408, -0.3467154955367361, 0.0], [-0.20842298008697646, -0.9730525673304341, -0.09846646829938199, 0.0], [0.3168230716411078, -0.6454261081864652, 0.6950026703288319, 0.0], [-0.2945143816281376, 0.3241168841077287, 0.8990005340657664, 0.0], [-0.29460593575951777, -0.325505455100328, 0.898466468299382, 0.0], [0.08805981536583506, -0.9785610742351415, 0.18609903105210956, 0.0], [0.0, -0.9945372701609827, 0.10432593270771344, 0.0], [-0.5894102388036927, -0.7569695582513161, -0.28206301976043335, 0.0], [-0.12417792019531548, -0.9297932402532998, -0.34647135118638894, 0.0], [0.12425421530479897, -0.9297779812314031, -0.34647135118638894, 0.0], [0.5895780880445564, -0.7568627450980392, -0.28203250171663996, 0.0], [0.1645838101777676, 0.7682459754329748, 0.618646524757763, 0.0], [0.4965133134966049, 0.6839093614099336, 0.534554055085069, 0.0], [0.5837949187457084, -0.6422980086976424, 0.49660486762798506, 0.0], [0.583764400701915, -0.6423743038071259, 0.49655909056229497, 0.0], [0.0001373311970702678, -0.9726863508049134, 0.2320744640268559, 0.0], [0.00016784924086366064, -0.9726863508049134, 0.23208972304875258, 0.0], [-0.5826657511253528, -0.6438849469748988, 0.49585717555504694, 0.0], [-0.5827115281910429, -0.6438391699092088, 0.49587243457694363, 0.0], [-0.2014801251239795, 0.9394979781795987, 0.27705806057831694, 0.0], [-0.5001297016861219, 0.6744487678339819, 0.5431143663691157, 0.0]], "points":[[-4.76595712214847, -0.036575875486381304, -2.0736095216296633], [-2.670618753337911, 0.2231021591515984, 1.5672083619439994], [-1.9563744563973449, -0.8084229800869764, -3.9514763103685056], [-0.03747615777828639, 0.7878690775921263, -1.24956130312047], [-1.2435950255588617, 0.08680857557030594, -0.0736095216296635], [-0.7819485770962081, -0.3309987029831388, -0.0736095216296635], [-0.05439841306172277, -0.026749065384908843, 3.5685053788052183], [-0.03747615777828639, 0.3454947737850004, -0.0736095216296635], [-0.04792858777752351, -0.03260852979324025, 3.5685053788052183], [-0.6351415274280918, -0.2713206683451591, -3.3236133363851375], [1.5904325932707715, -0.6884870679789425, 2.7174029144731824], [0.7081864652475777, -0.330739299610895, -0.0736095216296635], [0.5611352712291142, -0.27110704203860536, -3.3236133363851375], [2.594628824292363, 0.22403295948729687, 1.5672083619439994], [4.713237201495384, 0.03489738307774472, -2.0736095216296633], [-0.020553902494850118, -0.026733806363012147, 3.5685053788052183], [1.1681544213015946, 0.08723582818341344, -0.0736095216296635], [-0.03747615777828639, 0.9353170061799039, -2.0736095216296633], [-0.03747615777828639, -0.023117418173495108, 3.5685053788052183], [0.9304188601510643, 0.06443884946974898, -3.3236133363851375], [1.8845197222858014, -0.8077515831235218, -3.9514763103685056], [-1.0057526512550545, 0.06408789196612497, -3.3236133363851375], [0.655741206988632, 0.8513466086823834, -1.028442816815442], [-0.04859998474097815, 0.33635461966887925, 0.6059357595178149], [-0.7529106584267948, 0.8513313496604867, -1.0285343709468222], [-1.04457160296025, 0.8014190890363928, -1.5043106736858167], [-0.020553902494850118, -0.026733806363012147, -2.3236133363851375], [-0.03747615777828639, 0.27176317998016325, -2.6898451209277487], [-0.02700846875715268, -0.03260852979324025, -2.3236133363851375], [-0.05439841306172277, -0.026749065384908843, -2.3236133363851375], [-1.6627603570611122, -0.689066910811017, 2.7174029144731824], [2.5035172045471885, -0.12794689860379949, -2.7388570992599375], [2.6863965819790954, 0.050720988784618906, -2.7433737697413596], [-1.2668192568856336, 0.6826276035706111, -2.0736095216296633], [-0.02700846875715268, -0.03260852979324025, 3.5685053788052183], [0.6558785381857023, 0.7515220874341955, -1.979949645227741], [0.9475547417410544, 0.8014190890363928, -1.50424963759823], [-0.0484016174563211, 0.7308308537422751, -2.177050431067369], [-0.7527733272297246, 0.7515068284122988, -1.9800411993591212], [-0.8242618448157473, 0.7637293049515526, -1.8635080491340505], [-0.04859998474097815, 0.8720073243305104, -0.8314488441290913], [-0.06511024643320362, 0.8715190356298161, -0.8360723277637904], [-1.5374990463111313, 0.4661326009002823, 0.35506218051422905], [-0.03747615777828639, 0.8132600900282292, -1.3914702067597466], [0.274692912184329, 0.7913786526283665, -1.5999237048905166], [-1.639505607690547, 0.5020065613794156, 0.14148165102616922], [-0.5034561684596017, 0.8092774853131914, -1.4293125810635539], [-1.04457160296025, 0.3284504463263905, -0.23511100938429852], [-1.04457160296025, 0.6871900511177234, -1.1977721828030823], [-0.8802166781109331, 0.7073777370870528, -0.9083848325322347], [-0.76752880140383, 0.6312809948882276, -0.4686198214694438], [-0.7529106584267948, 0.7230182345311665, -0.684245059891661], [-0.7529106584267948, 0.6472571908140689, -0.4809338521400778], [-0.49027237354085607, 0.7797207598992905, -0.7422140840772107], [2.9021591515983824, 0.32193484397650113, -1.7594720378423743], [1.1710078583962769, 0.289723048752575, 0.6797436484321355], [1.4610055695429924, 0.4668650339513237, 0.3540550850690471], [0.9717097734035248, 0.5716792553597314, -0.1695582513160906], [0.9475547417410544, 0.2657663843747616, -0.06684977492942701], [0.6793621728847181, 0.3116502632181277, 0.37039749752040896], [0.9475547417410544, 0.612817578393225, -0.998138399328603], [0.8703135728999771, 0.6191958495460441, -0.853879606317235], [0.6755931944762341, 0.5053177691309987, -0.1414053559166858], [0.6774700541695278, 0.3125047684443427, 0.37207598992904556], [0.6774700541695278, 0.31197070267795834, 0.3734950789654383], [0.655741206988632, 0.31569390402075226, 