{"bounds":{"max":[0.5000076295109483, 0.5000076295109483, 0.5000076295109483], "min":[-0.49999237048905165, -0.49999237048905165, -0.8039826047150378]}, "center":[0.010666056305790799, -0.09076066224155033, -0.12527656977187762], "colors":["#000000", "#ffffff"], "normals":[[-0.038971541924162634, 0.1427939269092851, -0.9889677271686885], [-0.03898680094605933, 0.1428091859311818, -0.9889677271686885], [-0.03898680094605933, 0.1427939269092851, -0.9889829861905852], [-0.03898680094605933, 0.1427939269092851, -0.9889677271686885], [-0.038971541924162634, 0.1428091859311818, -0.9889677271686885], [0.02763408865491722, -0.21718165865568018, -0.975722896162356], [-0.8637979705500878, 0.35625238422217137, -0.3562371252002746], [-0.8637979705500878, -0.3562371252002746, -0.3562371252002746], [-0.8628366521705959, -0.3558556496528572, 0.35893797207598993], [-0.8628366521705959, 0.35587090867475396, 0.35893797207598993], [-0.8631265735866331, 0.3581597619592584, 0.35597772182803084], [-0.8631265735866331, -0.35814450293736166, 0.35597772182803084], [-0.8618905928130007, 0.3585564965285725, -0.35854123750667577], [-0.8618905928130007, -0.35854123750667577, -0.35854123750667577], [-0.3765468833447776, 0.9130540932326238, -0.15663385976958877], [-0.810605020218204, 0.37120622568093387, 0.4529030289158465], [-0.3765468833447776, 0.9130540932326238, 0.15664911879148546], [-0.3559624628061341, 0.3581597619592584, -0.8631265735866331], [-0.3559624628061341, -0.35814450293736166, -0.8631265735866331], [-0.3765468833447776, -0.9130388342107271, -0.15663385976958877], [-0.35854123750667577, -0.35854123750667577, 0.8619058518348974], [-0.3765468833447776, -0.9130388342107271, 0.15664911879148546], [-0.23762874799725342, -0.7819790951400015, 0.5762111848630502], [-0.3562371252002746, -0.3562371252002746, 0.8638132295719845], [-0.15663385976958877, 0.9130540932326238, -0.3765468833447776], [-0.3589227130540932, 0.35587090867475396, -0.8628366521705959], [-0.3589227130540932, -0.3558556496528572, -0.8628366521705959], [-0.15663385976958877, -0.9130388342107271, -0.3765468833447776], [-0.22197299153124284, 0.9222247653925384, 0.31657892729076065], [-0.15663385976958877, -0.9130388342107271, 0.3765621423666743], [0.8661631189440757, -0.40231937132829787, 0.2964522774090181], [0.35893797207598993, -0.3558556496528572, 0.8628519111924926], [0.15664911879148546, 0.9130540932326238, -0.3765468833447776], [0.22198825055313953, 0.9222247653925384, 0.31657892729076065], [0.15664911879148546, -0.9130388342107271, -0.3765468833447776], [0.15664911879148546, -0.9130388342107271, 0.3765621423666743], [0.35625238422217137, 0.35625238422217137, -0.8637979705500878], [0.35625238422217137, -0.3562371252002746, -0.8637979705500878], [0.3585564965285725, 0.3585564965285725, -0.8618905928130007], [0.3765621423666743, 0.9130540932326238, -0.15663385976958877], [0.3585564965285725, -0.35854123750667577, -0.8618905928130007], [0.3765621423666743, 0.9130540932326238, 0.15664911879148546], [0.35597772182803084, 0.3581597619592584, 0.8631418326085298], [0.35597772182803084, -0.35814450293736166, 0.8631418326085298], [0.3765621423666743, -0.9130388342107271, -0.15663385976958877], [0.3765621423666743, -0.9130388342107271, 0.15664911879148546], [0.8619058518348974, 0.3585564965285725, 0.3585564965285725], [0.8619058518348974, -0.35854123750667577, 0.3585564965285725], [0.8631418326085298, 0.3581597619592584, -0.3559624628061341], [0.8628519111924926, 0.35587090867475396, -0.3589227130540932], [0.8631418326085298, -0.35814450293736166, -0.3559624628061341], [0.8628519111924926, -0.3558556496528572, -0.3589227130540932], [0.8638132295719845, 0.35625238422217137, 0.35625238422217137], [0.8638132295719845, -0.3562371252002746, 0.35625238422217137]], "points":[[-0.2944228274967574, -0.11763179980163274, 0.42734416723887997], [0.08323796444647898, -0.34311436636911574, 0.3876401922636759], [-0.007003891050583633, -0.3774471656366827, 0.38623636224917984], [-0.08259708552681777, -0.38805218585488666, 0.387685969329366], [0.1556725413900969, -0.12423895628290227, 0.416388189517052], [0.14332799267566948, -0.24806591897459374, 0.39899290455481806], [0.006042572671091783, -0.18788433661402304, 0.4130922407873655], [-0.0005951018539711583, -0.1783932249942779, 0.4147249561303121], [-0.1481498435950256, -0.16679636835278855, 0.42221713588159], [-0.1569542992294194, -0.28957045853360797, 0.40483710994125277], [0.30861371786068514, 0.30206759746700235, 0.35419241626611736], [-0.051071946288242964, 0.17904936293583582, 0.3713740749217975], [0.3539940489814603, -0.35397878995956356, 0.0], [0.5000076295109483, 0.0, 0.0], [0.2500038147554742, 0.3539940489814603, -0.24998855573357748], [0.2500038147554742, -0.35397878995956356, -0.24998855573357748], [0.3539940489814603, 0.0, 0.3539940489814603], [0.2500038147554742, -0.35397878995956356, 0.2500038147554742], [0.3539940489814603, 0.0, -0.35397878995956356], [0.2500038147554742, 0.3539940489814603, 0.2500038147554742], [0.3539940489814603, 0.3539940489814603, 0.0], [0.0, 0.3539940489814603, -0.35397878995956356], [0.0, -0.35397878995956356, 0.3539940489814603], [0.0, 0.0, 0.5000076295109483], [0.0, -0.22398718242160676, -0.8039826047150378], [-0.24998855573357748, -0.35397878995956356, -0.24998855573357748], [0.0, 0.0, -0.49999237048905165], [-0.24998855573357748, -0.35397878995956356, 0.2500038147554742], [0.0, 0.3539940489814603, 0.3539940489814603], [-0.24998855573357748, 0.3539940489814603, -0.24998855573357748], [-0.35397878995956356, 0.0, 0.3539940489814603], [-0.35397878995956356, -0.35397878995956356, 0.0], [-0.24998855573357748, 0.3539940489814603, 0.2500038147554742], [-0.35397878995956356, 0.3539940489814603, 0.0], [-0.35397878995956356, 0.0, -0.35397878995956356], [-0.49999237048905165, 0.0, 0.0], [0.0, -0.49999237048905165, 0.0], [0.0, 0.5000076295109483, 0.0], [-0.2006103608758678, -0.3309987029831388, 0.39284351873044937], [-0.12893873502708475, -0.3811245899137865, 0.3827725642786297], [0.014847028305485618, -0.16876478217746238, 0.4077668421454185], [0.07682917524986649, -0.1430380712596323, 0.40903334096284427], [-0.15750362401770046, -0.16044861524376286, 0.4157625696192874], [-0.2730296787975891, -0.12388799877927825, 0.4256046387426566], [-0.10112153810940716, -0.39307240405889987, 0.3799496452277409], [0.0, -0.25098039215686274, 0.3964751659418631], [-0.14886701762417032, 0.0, 0.43859006637674525], [0.041886015106431675, 0.1364003967345693, 0.3835049973296712], [0.05056839856565194, 0.18498512245365073, 0.37294575417715725], [0.08308537422751201, 0.09988555733577478, 0.3927977416647593], [0.15764095521477073, 0.08763256275272754, 0.3976501106279087], [0.15965514610513465, 0.08807507438773175, 0.39760433356221864], [0.10632486457618066, 0.2102845807583734, 0.368886854352636], [-0.17618066681925693, 0.09013504234378576, 0.3876249332417792], [-0.18275730525673306, 0.09013504234378576, 0.38744182497901886], [-0.1013962005035477, 0.10621805142290379, 0.38616006713969636], [-0.06382848859388113, 0.1385671778439002, 0.38002594033722437], [-0.12884718089570457, 0.19919127183947508, 0.36469062333104446], [0.008773937590600443, -0.20975051499198905, 0.4098268101014725], [0.006164644846265354, -0.1893034256504158, 0.41287861448081176], [0.0260166323338674, -0.1855191882200351, 0.4126497291523613], [-0.013855191882200302, -0.19870298313878076, 0.412314030670634], [-0.02537575341420617, -0.1792629892423896, 0.41557946135652707], [-0.0647745479514763, -0.27670710307469293, 0.403067063401236], [-0.07895017929350734, -0.18275730525673306, 0.4171816586556802], [-0.07617303730830849, -0.18106355382619976, 0.41731898985275045], [-0.12881666285191118, -0.28624399176012816, 0.4042114900434882], [-0.08508430609597928, -0.17105363546196684, 0.4191195544365606], [-0.14657816433966586, -0.16809338521400774, 0.42197299153124285], [-0.16258487830930035, -0.16018921187151902, 0.4237430380712596], [-0.26265354390783546, -0.1333638513771267, 0.4315556572823682], 