{"bounds":{"max":[0.6500038147554742, 1.8500038147554743, 0.6500038147554742], "min":[-0.6499885557335775, 0.14999618524452582, -0.6499885557335775]}, "center":[0.11868467231250476, 0.9816433966582742, -0.1173876554512856], "colors":["marker(0)"], "normals":[[-0.5773403524834058, -0.5773403524834058, 0.5773556115053025, 0.0], [0.7022507057297627, -0.702235446707866, 0.11703669794766156, 0.0], [-0.702235446707866, -0.702235446707866, -0.11702143892576489, 0.0], [-0.5773403524834058, 0.5773556115053025, 0.5773556115053025, 0.0], [0.9393148699168383, -0.003112840466926059, -0.34305333028152896, 0.0], [0.9393148699168383, 0.0031280994888227666, -0.34305333028152896, 0.0], [0.9393148699168383, -0.003112840466926059, 0.34306858930342565, 0.0], [0.9393148699168383, 0.0031280994888227666, 0.34306858930342565, 0.0], [0.9403830014496071, 0.0, -0.34012359807736325, 0.0], [0.9403830014496071, 0.0, 0.34013885709925995, 0.0], [0.5755397878995956, -0.7084611276417181, -0.4084229800869764, 0.0], [-0.5755245288776989, -0.7084611276417181, 0.4084382391088731, 0.0], [-0.8115205615320058, -0.5842832074464026, 0.0, 0.0], [-0.8115205615320058, 0.5842984664682994, 0.0, 0.0], [0.0, 0.5842984664682994, 0.8115358205539025, 0.0], [0.0, -0.5842832074464026, 0.8115358205539025, 0.0], [0.4084382391088731, -0.7084611276417181, 0.5755397878995956, 0.0], [-0.4084229800869764, -0.7084611276417181, -0.5755245288776989, 0.0], [0.34013885709925995, 0.0, 0.9403830014496071, 0.0], [0.34013885709925995, 0.0, -0.9403677424277104, 0.0], [0.34306858930342565, 0.0031280994888227666, -0.9392996108949416, 0.0], [0.34306858930342565, -0.003112840466926059, 0.9393148699168383, 0.0], [0.34306858930342565, -0.003112840466926059, -0.9392996108949416, 0.0], [0.34306858930342565, 0.0031280994888227666, 0.9393148699168383, 0.0], [-0.11702143892576489, -0.702235446707866, 0.7022507057297627, 0.0], [0.11703669794766156, -0.702235446707866, -0.702235446707866, 0.0], [-0.5773403524834058, 0.5773556115053025, -0.5773403524834058, 0.0], [-0.5773403524834058, -0.5773403524834058, -0.5773403524834058, 0.0], [0.5773556115053025, -0.5773403524834058, 0.5773556115053025, 0.0], [0.5773556115053025, 0.5773556115053025, 0.5773556115053025, 0.0], [-0.34305333028152896, 0.0031280994888227666, -0.9392996108949416, 0.0], [-0.34305333028152896, -0.003112840466926059, 0.9393148699168383, 0.0], [-0.34305333028152896, -0.003112840466926059, -0.9392996108949416, 0.0], [-0.34305333028152896, 0.0031280994888227666, 0.9393148699168383, 0.0], [-0.34012359807736325, 0.0, -0.9403677424277104, 0.0], [-0.34012359807736325, 0.0, 0.9403830014496071, 0.0], [0.0, -0.5842832074464026, -0.8115205615320058, 0.0], [0.0, 0.5842984664682994, -0.8115205615320058, 0.0], [0.8115358205539025, 0.5842984664682994, 0.0, 0.0], [0.8115358205539025, -0.5842832074464026, 0.0, 0.0], [-0.9403677424277104, 0.0, 0.34013885709925995, 0.0], [-0.9403677424277104, 0.0, -0.34012359807736325, 0.0], [-0.9392996108949416, -0.003112840466926059, -0.34305333028152896, 0.0], [-0.9392996108949416, 0.0031280994888227666, -0.34305333028152896, 0.0], [-0.9392996108949416, -0.003112840466926059, 0.34306858930342565, 0.0], [-0.9392996108949416, 0.0031280994888227666, 0.34306858930342565, 0.0], [0.5773556115053025, -0.5773403524834058, -0.5773403524834058, 0.0], [0.5773556115053025, 0.5773556115053025, -0.5773403524834058, 0.0]], "points":[[-0.6499885557335775, 1.0, 0.0], [-0.5999847409781033, 1.0, -0.299977111467155], [-0.5999847409781033, 1.0499885557335775, 0.0], [-0.6149843595025559, 0.29999237048905164, 0.06399633783474479], [-0.5639887083237964, 0.4500038147554742, 0.20498970016021972], [-0.6149843595025559, 1.7000076295109483, -0.06398107881284809], [-0.5469901579308767, 1.349996185244526, 0.2520027466239414], [-0.5639887083237964, 1.2999923704890517, 0.20498970016021972], [-0.5809872587167162, 0.6500038147554742, -0.15797665369649805], [-0.5639887083237964, 0.6, -0.20497444113832308], [-0.4239871824216068, 1.0499885557335775, 0.42400244144350346], [-0.45998321507591367, 1.0, 0.4599984740978103], [-0.45998321507591367, 1.0, -0.38898298619058513], [-0.45998321507591367, 1.0, -0.45998321507591367], [-0.4239871824216068, 0.9500114442664225, 0.42400244144350346], [-0.21197833218890672, 1.0, -0.6359807736324101], [-0.20497444113832308, 1.4, -0.5639887083237964], [-0.15797665369649805, 0.6500038147554742, 0.581002517738613], [-0.20497444113832308, 1.2999923704890517, -0.5639887083237964], [-0.20497444113832308, 0.7000076295109483, 0.5640039673456931], [-0.06398107881284809, 1.7000076295109483, 0.6149996185244526], [-0.20497444113832308, 0.14999618524452582, -0.5639887083237964], [-0.20497444113832308, 1.5499961852445259, 0.5640039673456931], [-0.20497444113832308, 0.4500038147554742, -0.5639887083237964], [0.0, 1.0, 0.6500038147554742], [0.0, 1.0499885557335775, 0.6], [-0.049973296711680826, 1.0, -0.5999847409781033], [0.0, 1.0, -0.6499885557335775], [0.04998855573357748, 1.0, 0.6], [0.0, 1.0499885557335775, -0.5999847409781033], [0.20498970016021972, 0.4500038147554742, 0.5640039673456931], [0.20498970016021972, 1.5499961852445259, -0.5639887083237964], [0.20498970016021972, 0.14999618524452582, 0.5640039673456931], [0.06399633783474479, 1.7000076295109483, -0.6149843595025559], [0.20498970016021972, 1.2999923704890517, 0.5640039673456931], [0.20498970016021972, 0.7000076295109483, -0.5639887083237964], [0.20498970016021972, 1.4, 0.5640039673456931], [0.15799191271839474, 0.6500038147554742, -0.5809872587167162], [0.21199359121080338, 1.0, 0.6359960326543068], [0.42400244144350346, 0.9500114442664225, -0.4239871824216068], [0.4599984740978103, 1.0, -0.45998321507591367], [0.4599984740978103, 1.0, 0.4599984740978103], [0.4599984740978103, 1.0, 0.3889982452124819], [0.42400244144350346, 1.0499885557335775, -0.4239871824216068], [0.5470054169527734, 1.349996185244526, -0.2519874876020447], [0.5640039673456931, 1.2999923704890517, -0.20497444113832308], [0.581002517738613, 0.6500038147554742, 0.15799191271839474], [0.5640039673456931, 0.6, 0.20498970016021972], [0.6149996185244526, 1.7000076295109483, 0.06399633783474479], [0.6149996185244526, 0.29999237048905164, -0.06398107881284809], [0.5640039673456931, 0.4500038147554742, -0.20497444113832308], [0.6, 1.0, 0.29999237048905164], [0.6500038147554742, 1.0, 0.0], [0.6, 1.0499885557335775, 0.0], [-0.5999847409781033, 0.9500114442664225, 0.0], [-0.5639887083237964, 0.14999618524452582, 0.20498970016021972], [-0.511985961699855, 0.29999237048905164, 0.34599832150759136], [-0.5639887083237964, 0.7000076295109483, -0.20497444113832308], [-0.5469901579308767, 0.6500038147554742, -0.2519874876020447], [-0.34598306248569466, 0.29999237048905164, -0.511985961699855], [-0.06398107881284809, 0.29999237048905164, -0.6149843595025559], [-0.6359807736324101, 1.0, 0.21199359121080338], [-0.2519874876020447, 0.6500038147554742, 0.5470054169527734], [-0.20497444113832308, 0.6, 0.5640039673456931], [0.06399633783474479, 0.29999237048905164, 0.6149996185244526], [0.34599832150759136, 0.29999237048905164, 0.5120012207217517], [-0.4239871824216068, 0.9500114442664225, -0.4239871824216068], [-0.5999847409781033, 1.0, 0.04998855573357748], [-0.4239871824216068, 1.0499885557335775, -0.4239871824216068], [0.0, 0.9500114442664225, 0.6], [-0.299977111467155, 1.0, 0.6], [0.0, 0.9500114442664225, -0.5999847409781033], [0.29999237048905164, 1.0, -0.5999847409781033], [0.2520027466239414, 0.6500038147554742, -0.5469901579308767], [0.20498970016021972, 0.6, -0.5639887083237964], [0.5640039673456931, 0.14999618524452582, -0.20497444113832308], [0.5120012207217517, 0.29999237048905164, -0.34598306248569466], [0.42400244144350346, 0.9500114442664225, 0.42400244144350346], [0.5640039673456931, 0.7000076295109483, 0.20498970016021972], [0.5470054169527734, 0.6500038147554742, 0.2520027466239414], [-0.38898298619058513, 1.0, 0.4599984740978103], [0.42400244144350346, 1.0499885557335775, 0.42400244144350346], [0.3889982452124819, 1.0, -0.45998321507591367], 