{"bounds":{"max":[0.4500038147554742, 1.0399938963912414, 0.5000076295109483], "min":[-0.4799877927824826, -0.49999237048905165, -0.49999237048905165]}, "center":[-0.024979018844892065, 0.26999313344014647, 0.0], "materials":[{"base":"#ff9300", "spec":"rgba(0,0,0,0)"}], "normals":[[-0.9027695124742504, -0.30414282444495305, -0.30414282444495305], [-0.8816357671473258, -0.29701686121919585, 0.36673533226520183], [-0.8891279468986037, -0.3483939879453727, 0.29675745784695196], [-0.7551232166018158, 0.5820553902494849, -0.30165560387579154], [-0.788738841840238, 0.5304188601510643, 0.31068894483863585], [-0.8619058518348974, -0.3585564965285725, -0.3585564965285725], [-0.7772945754177157, 0.599145494773785, 0.1918364232852674], [-0.8395361257343404, 0.5121538109407187, -0.18133821622034027], [-0.35597772182803084, -0.3581597619592584, -0.8631418326085298], [-0.3765621423666743, -0.9130540932326238, -0.15664911879148546], [-0.3765621423666743, -0.9130540932326238, 0.15663385976958877], [-0.3585564965285725, -0.3585564965285725, 0.8618905928130007], [-0.34776836804760813, 0.40987258716716257, -0.8432440680552377], [-0.46265354390783553, 0.46263828488593883, 0.7562371252002746], [-0.9573662928206302, 0.20169375143053325, -0.2067902647440299], [-0.9557488364995804, 0.20134279392690924, 0.21448081177996492], [-0.35625238422217137, 0.3562371252002746, 0.8637979705500878], [-0.35625238422217137, -0.35625238422217137, 0.8637979705500878], [-0.15664911879148546, -0.9130540932326238, -0.3765621423666743], [-0.15664911879148546, -0.9130540932326238, 0.3765468833447776], [-0.35893797207598993, -0.35587090867475396, -0.8628519111924926], [-0.4885328450446326, 0.37172503242542154, -0.789394979781796], [-0.5107194628824292, 0.36455329213397425, 0.7786068513008316], [-0.5100175478751812, 0.32794689860379944, -0.7951934081025406], [0.7427786678873884, 0.34897383077744715, 0.5713588158999008], [0.7686884870679789, 0.24385442893110554, 0.5912870984969864], [0.9153276874952315, 0.27919432364385444, 0.29015030136568243], [0.3429159990844587, 0.45037003128099484, -0.8243533989471274], [0.15663385976958877, -0.9130540932326238, -0.3765621423666743], [0.3589227130540932, -0.35587090867475396, 0.8628366521705959], [0.15663385976958877, -0.9130540932326238, 0.3765468833447776], [0.9035629816128786, 0.2756084534981308, 0.32797741664759283], [0.3562371252002746, 0.3562371252002746, -0.8638132295719845], [0.3562371252002746, -0.35625238422217137, -0.8638132295719845], [0.33170061799038686, 0.4930189974822614, 0.804272526131075], [0.7062943465323872, 0.6372472724498359, 0.30824750133516443], [0.35854123750667577, 0.35854123750667577, -0.8619058518348974], [0.3559624628061341, -0.3581597619592584, 0.8631265735866331], [0.3765468833447776, -0.9130540932326238, -0.15664911879148546], [0.35854123750667577, -0.3585564965285725, -0.8619058518348974], [0.3765468833447776, -0.9130540932326238, 0.15663385976958877], [0.7586938277256428, 0.6207522697795071, 0.19751277943083845], [0.7483939879453727, 0.6123140306706341, 0.2548256656748302], [0.8618905928130007, -0.3585564965285725, 0.35854123750667577], [0.898420691233692, 0.3440756847486076, -0.2728007934691386], [0.9164873731593804, -0.33395895323109787, -0.22023346303501945], [0.899626153963531, -0.22490272373540857, -0.37424277103837644], [0.9427939269092851, -0.23569085221637293, 0.23567559319447628]], "points":[[-0.35397878995956356, -0.35397878995956356, 0.0], [-0.4799877927824826, 0.01998931868467231, 0.0], [-0.24998855573357748, -0.35397878995956356, 0.2500038147554742], [-0.18397802700846877, 0.40399786373693447, 0.0], [-0.1299763485160601, 0.3940032043945983, 0.2500038147554742], [-0.35397878995956356, 0.0, -0.35397878995956356], [-0.24998855573357748, -0.35397878995956356, -0.24998855573357748], [-0.35397878995956356, 0.0, 0.3539940489814603], [-0.1299763485160601, 0.40399786373693447, -0.24998855573357748], [-0.049973296711680826, 1.0399938963912414, 0.0], [0.0, 0.3539940489814603, 0.3539940489814603], [0.0, -0.35397878995956356, 0.3539940489814603], [0.0, -0.35397878995956356, -0.35397878995956356], [0.0, 0.0, -0.49999237048905165], [0.07998779278248264, 0.3539940489814603, 0.2500038147554742], [0.14399938963912412, 0.40399786373693447, 0.0], [0.2500038147554742, -0.35397878995956356, -0.24998855573357748], [0.0, 0.0, 0.5000076295109483], [0.0, 0.3539940489814603, -0.35397878995956356], [0.2500038147554742, 0.3539940489814603, -0.24998855573357748], [0.2500038147554742, -0.35397878995956356, 0.2500038147554742], [0.3539940489814603, -0.35397878995956356, 0.0], [0.3539940489814603, 0.0, -0.35397878995956356], [0.4500038147554742, 0.029999237048905166, 0.0], [0.0, -0.49999237048905165, 0.0], [0.3539940489814603, 0.0, 0.3539940489814603], [-0.38594644083314256, 0.005065995269703212, 0.26420996414129855], [-0.10501258869306473, 0.595574883649958, 0.17198443579766537], [-0.06378271152819104, 0.9744716563668269, 0.0], [-0.053925383382925185, 1.0081635767147326, 0.012314030670634012], [0.12507820248722057, 0.0, 0.44841687647821776]], "polys":[{"back":65535, "front":1, "mat":0, "normal":0, "tris":[5, 0, 1], "vis":1}, {"back":65535, "front":2, "mat":0, "normal":5, "tris":[5, 6, 0], "vis":1}, {"back":65535, "front":3, "mat":0, "normal":9, "tris":[0, 6, 24], "vis":1}, {"back":65535, "front":4, "mat":0, "normal":10, "tris":[2, 0, 24], "vis":1}, {"back":52, "front":5, "mat":0, "normal":2, "tris":[1, 2, 7], "vis":1}, {"back":65535, "front":6, "mat":0, "normal":11, "tris":[2, 11, 7], "vis":1}, {"back":65535, "front":7, "mat":0, "normal":16, "tris":[7, 17, 10], "vis":1}, {"back":65535, "front":8, "mat":0, "normal":17, "tris":[7, 11, 17], "vis":1}, {"back":65535, "front":9, "mat":0, "normal":18, "tris":[6, 12, 24], "vis":1}, {"back":65535, "front":10, "mat":0, "normal":19, "tris":[11, 2, 24], "vis":1}, {"back":65535, "front":11, "mat":0, "normal":27, "tris":[18, 9, 19], "vis":1}, {"back":65535, "front":12, "mat":0, "normal":28, "tris":[12, 16, 24], "vis":1}, {"back":65535, "front":13, "mat":0, "normal":30, "tris":[20, 11, 24], "vis":1}, {"back":65535, "front":14, "mat":0, "normal":32, "tris":[13, 18, 22], "vis":1}, {"back":65535, "front":15, "mat":0, "normal":33, "tris":[22, 12, 13], "vis":1}, {"back":65535, "front":16, "mat":0, "normal":36, "tris":[18, 19, 22], "vis":1}, {"back":51, "front":17, "mat":0, "normal":37, "tris":[17, 20, 25], "vis":1}, {"back":65535, "front":18, "mat":0, "normal":38, "tris":[16, 21, 24], "vis":1}, {"back":65535, "front":19, "mat":0, "normal":39, "tris":[16, 12, 22], "vis":1}, {"back":50, "front":20, "mat":0, "normal":8, "tris":[5, 13, 6], "vis":1}, {"back":65535, "front":21, "mat":0, "normal":40, "tris":[21, 20, 24], "vis":1}, {"back":65535, "front":22, "mat":0, "normal":43, "tris":[20, 21, 25], "vis":1}, {"back":65535, "front":23, "mat":0, "normal":44, "tris":[22, 19, 23], "vis":1}, {"back":49, "front":24, "mat":0, "normal":46, "tris":[21, 16, 23], "vis":1}, {"back":65535, "front":25, "mat":0, "normal":47, "tris":[25, 21, 23], "vis":1}, {"back":44, "front":26, "mat":0, "normal":26, "tris":[15, 9, 14], "vis":1}, {"back":43, "front":27, "mat":0, "normal":25, "tris":[14, 10, 17], "vis":1}, {"back":65535, "front":28, "mat":0, "normal":24, "tris":[14, 9, 10], "vis":1}, {"back":41, "front":29, "mat":0, "normal":22, "tris":[4, 10, 9], "vis":1}, {"back":37, "front":30, "mat":0, "normal":12, "tris":[5, 8, 13], "vis":1}, {"back":34, "front":31, "mat":0, "normal":3, "tris":[1, 3, 5], "vis":1}, {"back":33, "front":32, "mat":0, "normal":6, "tris":[3, 1, 4], "vis":1}, {"back":65535, "front":65535, "mat":0, "normal":4, "tris":[1, 26, 4], "vis":1}, {"back":65535, "front":65535, "mat":0, "normal":15, "tris":[27, 3, 4], "vis":1}, {"back":35, "front":65535, "mat":0, "normal":7, "tris":[3, 8, 5], "vis":1}, {"back":65535, "front":36, "mat":0, "normal":14, "tris":[3, 28, 8], "vis":1}, {"back":65535, "front":65535, "mat":0, "normal":15, "tris":[28, 3, 27, 27, 29, 28], "vis":1}, {"back":65535, "front":38, "mat":0, "normal":14,