{"bounds":{"max":[0.3333028152895399, 0.3333028152895399, 0.3333028152895399], "min":[-0.3332875562676433, -0.3332875562676433, -0.3332875562676433]}, "center":[0.0, 0.0, 0.0], "colors":["marker(0)"], "normals":[[0.0, -0.5257343404287785, -0.8506294346532387, 0.0], [0.0, -0.5257190814068818, -0.8506446936751354, 0.0], [0.0, -0.5257038223849851, -0.8506446936751354, 0.0], [1.5259021896696422e-05, -0.5257190814068818, -0.8506446936751354, 0.0], [0.0, 0.5257495994506752, -0.8506294346532387, 0.0], [1.5259021896696422e-05, 0.5257343404287785, -0.8506446936751354, 0.0], [0.0, 0.5257190814068818, -0.8506446936751354, 0.0], [0.0, 0.5257343404287785, -0.8506446936751354, 0.0], [0.0, 0.5257495994506752, 0.8506446936751354, 0.0], [0.0, 0.5257343404287785, 0.8506599526970321, 0.0], [0.0, 0.5257190814068818, 0.8506599526970321, 0.0], [1.5259021896696422e-05, 0.5257343404287785, 0.8506599526970321, 0.0], [0.0, -0.5257343404287785, 0.8506446936751354, 0.0], [1.5259021896696422e-05, -0.5257190814068818, 0.8506599526970321, 0.0], [0.0, -0.5257038223849851, 0.8506599526970321, 0.0], [0.0, -0.5257190814068818, 0.8506599526970321, 0.0], [-0.5257343404287785, -0.8506294346532387, 0.0, 0.0], [-0.5257190814068818, -0.8506446936751354, 1.5259021896696422e-05, 0.0], [-0.5257038223849851, -0.8506446936751354, 0.0, 0.0], [-0.5257190814068818, -0.8506446936751354, 0.0, 0.0], [0.5257495994506752, -0.8506294346532387, 0.0, 0.0], [0.5257343404287785, -0.8506446936751354, 0.0, 0.0], [0.5257190814068818, -0.8506446936751354, 0.0, 0.0], [0.5257343404287785, -0.8506446936751354, 1.5259021896696422e-05, 0.0], [0.5257495994506752, 0.8506446936751354, 0.0, 0.0], [0.5257343404287785, 0.8506599526970321, 1.5259021896696422e-05, 0.0], [0.5257190814068818, 0.8506599526970321, 0.0, 0.0], [0.5257343404287785, 0.8506599526970321, 0.0, 0.0], [-0.5257343404287785, 0.8506446936751354, 0.0, 0.0], [-0.5257190814068818, 0.8506599526970321, 0.0, 0.0], [-0.5257038223849851, 0.8506599526970321, 0.0, 0.0], [-0.5257190814068818, 0.8506599526970321, 1.5259021896696422e-05, 0.0], [-0.8506294346532387, 0.0, -0.5257343404287785, 0.0], [-0.8506446936751354, 0.0, -0.5257190814068818, 0.0], [-0.8506446936751354, 0.0, -0.5257038223849851, 0.0], [-0.8506446936751354, 1.5259021896696422e-05, -0.5257190814068818, 0.0], [-0.8506294346532387, 0.0, 0.5257495994506752, 0.0], [-0.8506446936751354, 1.5259021896696422e-05, 0.5257343404287785, 0.0], [-0.8506446936751354, 0.0, 0.5257190814068818, 0.0], [-0.8506446936751354, 0.0, 0.5257343404287785, 0.0], [0.8506446936751354, 0.0, 0.5257495994506752, 0.0], [0.8506599526970321, 0.0, 0.5257343404287785, 0.0], [0.8506599526970321, 0.0, 0.5257190814068818, 0.0], [0.8506599526970321, 1.5259021896696422e-05, 0.5257343404287785, 0.0], [0.8506446936751354, 0.0, -0.5257343404287785, 0.0], [0.8506599526970321, 1.5259021896696422e-05, -0.5257190814068818, 0.0], [0.8506599526970321, 0.0, -0.5257038223849851, 0.0], [0.8506599526970321, 0.0, -0.5257190814068818, 0.0]], "points":[[0.12730601968413824, 0.0, 0.3333028152895399], [-0.12729076066224154, 0.0, 0.3333028152895399], [-0.20596627756160835, 0.205981536583505, 0.205981536583505], [0.0, 0.3333028152895399, 0.12730601968413824], [0.205981536583505, 0.205981536583505, 0.205981536583505], [0.205981536583505, -0.20596627756160835, 0.205981536583505], [0.0, -0.3332875562676433, 0.12730601968413824], [-0.20596627756160835, -0.20596627756160835, 0.205981536583505], [0.12730601968413824, 0.0, -0.3332875562676433], [-0.12729076066224154, 0.0, -0.3332875562676433], [-0.20596627756160835, -0.20596627756160835, -0.20596627756160835], [0.0, -0.3332875562676433, -0.12729076066224154], [0.205981536583505, -0.20596627756160835, -0.20596627756160835], [0.205981536583505, 0.205981536583505, -0.20596627756160835], [0.0, 0.3333028152895399, -0.12729076066224154], [-0.20596627756160835, 0.205981536583505, -0.20596627756160835], [0.14905012588693065, 0.24116884107728695, 0.0], [0.3333028152895399, 0.12730601968413824, 0.0], [-0.14903486686503398, 0.24116884107728695, 0.0], [-0.3332875562676433, 0.12730601968413824, 0.0], [-0.14903486686503398, -0.24115358205539028, 0.0], [-0.3332875562676433, -0.12729076066224154, 0.0], [0.14905012588693065, -0.24115358205539028, 0.0], [0.3333028152895399, -0.12729076066224154, 0.0], [0.0, 0.14905012588693065, 0.24116884107728695], [0.0, -0.14903486686503398, 0.24116884107728695], [0.0, -0.14903486686503398, -0.24115358205539028], [0.0, 0.14905012588693065, -0.24115358205539028], [0.24116884107728695, 0.0, 0.14905012588693065], [0.24116884107728695, 0.0, -0.14903486686503398], [-0.24115358205539028, 0.0, -0.14903486686503398], [-0.24115358205539028, 0.0, 0.14905012588693065]], "polys":[{"back":65535, "color":0, "front":1, "normal":0, "tris":[24, 1, 0], "vis":1}, {"back":65535, "color":0, "front":2, "normal":1, "tris":[24, 2, 1], "vis":1}, {"back":65535, "color":0, "front":3, "normal":2, "tris":[24, 3, 2], "vis":1}, {"back":65535, "color":0, "front":4, "normal":2, "tris":[24, 4, 3], "vis":1}, {"back":65535, "color":0, "front":5, "normal":3, "tris":[24, 0, 4], "vis":1}, {"back":65535, "color":0, "front":6, "normal":4, "tris":[25, 0, 1], "vis":1}, {"back":65535, "color":0, "front":7, "normal":5, "tris":[25, 5, 0], "vis":1}, {"back":65535, "color":0, "front":8, "normal":6, "tris":[25, 6, 5], "vis":1}, {"back":65535, "color":0, "front":9, "normal":6, "tris":[25, 7, 6], "vis":1}, {"back":65535, "color":0, "front":10, "normal":7, "tris":[25, 1, 7], "vis":1}, {"back":65535, "color":0, "front":11, "normal":8, "tris":[26, 9, 8], "vis":1}, {"back":65535, "color":0, "front":12, "normal":9, "tris":[26, 10, 9], "vis":1}, {"back":65535, "color":0, "front":13, "normal":10, "tris":[26, 11, 10], "vis":1}, {"back":65535, "color":0, "front":14, "normal":10, "tris":[26, 12, 11], "vis":1}, {"back":65535, "color":0, "front":15, "normal":11, "tris":[26, 8, 12], "vis":1}, {"back":65535, "color":0, "front":16, "normal":12, "tris":[27, 8, 9], "vis":1}, {"back":65535, "color":0, "front":17, "normal":13, "tris":[27, 13, 8], "vis":1}, {"back":65535, "color":0, "front":18, "normal":14, "tris":[27, 14, 13], "vis":1}, {"back":65535, "color":0, "front":19, "normal":14, "tris":[27, 15, 14], "vis":1}, {"back":65535, "color":0, "front":20, "normal":15, "tris":[27, 9, 15], "vis":1}, {"back":65535, "color":0, "front":21, "normal":16, "tris":[14, 3, 16], "vis":1}, {"back":65535, "color":0, "front":22, "normal":17, "tris":[4, 16, 3], "vis":1}, {"back":65535, "color":0, "front":23, "normal":18, "tris":[17, 16, 4], "vis":1}, {"back":65535, "color":0, "front":24, "normal":18, "tris":[17, 13, 16], "vis":1}, {"back":65535, "color":0, "front":25, "normal":19, "tris":[14, 16, 13], "vis":1}, {"back":65535, "color":0, "front":26, "normal":20, "tris":[14, 18, 3], "vis":1}, {"back":65535, "color":0, "front":27, "normal":21, "tris":[15, 18, 14], "vis":1}, {"back":65535, "color":0, "front":28, "normal":22, "tris":[19, 18, 15], "vis":1}, {"back":65535, "color":0, "front":29, "normal":22, "tris":[19, 2, 18], "vis":1}, {"back":65535, "color":0, "front":30, "normal":23, "tris":[3, 18, 2], "vis":1}, {"back":65535, "color":0, "front":31, "normal":24, "tris":[11, 6, 20], "vis":1}, {"back":65535, "color":0, "front":32, "normal":25, "tris":[7, 20, 6], "vis":1}, {"back":65535, "color":0, "front":33, "normal":26, "tris":[21, 20, 7], "vis":1}, {"back":65535, "color":0, "front":34, "normal":26, "tris":[21, 10, 20], "vis":1}, {"back":65535, "color":0, "front":35, "normal":27, "tris":[11, 20, 10], "vis":1}, {"back":65535, "color":0, "front":36, "normal":28, "tris":[11, 22, 6], "vis":1}, {"back":65535, "color":0, "front":37, "normal":29, "tris":[12, 22, 11], "vis":1}, {"back":65535, "color":0, "front":38, "normal":30, "tris":[23, 22, 12], "vis":1}, {"back":65535, "color":0, "front":39, "normal":30, "tris":[23, 5, 22], "vis":1}, {"back":65535, "color":0, "front":40, "normal":31, "tris":[6, 22, 5], "vis":1}, {"back":65535, "color":0, "front":41, "normal":32, "tris":[28, 23, 17],