{"bounds":{"max":[0.2990005340657664, 0.45600061036087586, 0.1539940489814603], "min":[-0.20097657740138852, -0.5669794766155489, -0.08598458838788436]}, "center":[0.10809491111619746, -0.038376440070191475, 0.017929350728618294], "colors":["marker(3)", "marker(0)"], "normals":[[0.17819485770962082, -0.9723201342793927, -0.1510643167772946], [0.1884489204242008, -0.9653009842069123, -0.18072785534447244], [0.15681696803234912, -0.971953917753872, -0.17520408941786836], [0.1825131609063859, -0.9666285191119249, -0.1797055008773938], [0.9646448462653544, 0.19667353322652018, -0.1754482337682155], [0.6648203250171664, -0.021438925764858507, 0.7467002365148394], [0.4437628747997253, -0.08017090104524305, 0.8925612268253605], [0.32484931715877013, 0.21698329137102312, -0.9205310139620051], [-0.3088120851453422, -0.22471961547264818, 0.9241931792172122], [0.4537270160982681, -0.07907225146868091, 0.8876325627527275], [-0.6492256046387427, 0.01680018310826276, -0.760387579156176], [0.16325627527275502, -0.14572365911345087, 0.9757686732280461], [0.9400473029678797, 0.11262684061951629, 0.32191958495460443], [-0.9641718165865568, -0.2049134050507363, 0.16836804760814833], [0.7421530479896239, 0.246997787441825, -0.6230411230640116], [0.19887083237964445, -0.1337911039902342, 0.9708552681773098], [0.15967040512703135, -0.14590676737621122, 0.9763332570382238], [-0.21000991836423288, 0.1407644769970245, -0.9674982833600366], [0.3228809033340963, 0.2220950637064164, -0.9199969481956207], [-0.7318989852750439, -0.2385137712672618, 0.6382848859388113], [-0.9372854200045777, -0.10043488212405582, -0.3337300679026475], [-0.17087052719920648, 0.9671168078126192, 0.18837262531471732], [-0.1721370260166324, 0.9680170901045243, 0.1824979018844892], [0.31070420386053255, 0.22275120164797438, -0.9240253299763486], [-0.16676585030899516, 0.9685206378271153, 0.18478675516899368], [-0.2322575722896162, 0.1347219043259327, -0.9632715342946517], [-0.2023346303501945, 0.9640344853894866, 0.17238117036697947], [-0.1742122529945831, 0.9734645609216449, 0.1484092469672694], [-0.2146028839551385, 0.13522545204852368, -0.9672846570534829], [-0.6337529564354925, 0.027054245822842757, -0.7730373083085375], [0.1245441367208362, -0.15332265201800566, 0.9803006027313649], [-0.2556649118791485, -0.2132906080720226, 0.9429465171282521], [-0.24721141374837874, -0.21306172274357216, 0.9452353704127565], [-0.046143282215609926, -0.18368810559243154, 0.981902800030518], [-0.2844129091325246, 0.05313191424429694, -0.9572137026016633], [-0.3088273441672389, 0.17491416800183107, -0.9348897535667964]], "points":[[-0.20097657740138852, 0.40700389105058365, 0.10798809796292058], [-0.16897840848401613, 0.4110017547875181, 0.11999694819562066], [-0.14297703517204552, 0.420004577706569, 0.09799343862058442], [-0.13597314412146178, 0.4149996185244526, 0.13199053940642405], [-0.17598229953459987, 0.41599145494773787, 0.08599984740978103], [-0.11598382543678953, 0.3830014496070802, 0.09999237048905166], [-0.1619745174334325, 0.4059967956054017, 0.1539940489814603], [-0.09997711146715493, 0.08198672465094987, 0.06498817425803007], [-0.06497291523613336, 0.09199664301518273, 0.04798962386511025], [-0.030975814450293737, -0.5659876401922637, -0.0479743648432136], [-0.0079804684519722, -0.5669794766155489, -0.020981155107957616], [-0.020981155107957616, -0.5579919127183948, -0.079972533760586], [-0.07298390173189895, 0.3909971770809491, 0.09399557488364996], [0.02499427786678874, -0.55898374914168, -0.02697795071335929], [-0.020981155107957616, 0.09999237048905166, 0.041992828259708556], [0.035996032654306856, -0.5519798580910964, -0.05998321507591364], [-0.02798504615854125, 0.3960021362630655, 0.11099412527656977], [0.001998931868467231, -0.55898374914168, -0.053971160448615274], [0.07499809262226291, 0.1159990844586862, 0.04798962386511025], [0.04998855573357748, 0.41599145494773787, 0.07899595635919737], [0.10099946593423362, 0.1250019073777371, 0.02699320973525597], [0.11200122072175174, 0.4280003051804379, 0.07299916075379569], [0.16299687190051118, 0.1369954985885405, 0.020996414129854278], [0.1909971770809491, 0.14000152590218967, 0.028992141603723202], [0.1909971770809491, 0.29500267032883193, 0.0579995422293431], [0.1389944304570077, 0.43100633249408715, 0.08099488822766461], [-0.1939726863508049, 0.4030060273136492, 0.1420004577706569], [0.012985427634088656, -0.5509880216678111, -0.08598458838788436], [0.02299534599832151, 0.10499732967116808, 0.0579995422293431], [0.023987182421606777, 0.40700389105058365, 0.09999237048905166], [0.24798962386511025, 0.45600061036087586, 0.04998855573357748], [0.2990005340657664, 0.1649958037689784, -0.0019836728465705278], [0.026977950713359275, -0.5029983978027008, -0.05201800564583814], [-0.13946746013580524, 0.4174868390936141, 0.11506828412298771], [0.035370412756542305, -0.5519645990691997, -0.06066987106126498], [-0.15197985809109638, 0.37299153124284734, 0.11699092088197147], [-0.13951323720149533, 0.4175326161593042, 0.11479362172884718], [-0.10879682612344543, 0.24791332875562677, 0.08429083695735104]], "polys":[{"back":65535, "color":0, "front":1, "normal":4, "tris":[9, 26, 0], "vis":1}, {"back":65535, "color":0, "front":2, "normal":5, "tris":[11, 0, 4], "vis":1}, {"back":65535, "color":0, "front":3, "normal":7, "tris":[26, 10, 6], "vis":1}, {"back":65535, "color":0, "front":4, "normal":12, "tris":[11, 9, 0], "vis":1}, {"back":65535, "color":0, "front":5, "normal":14, "tris":[26, 9, 10], "vis":1}, {"back":42, "color":0, "front":6, "normal":1, "tris":[4, 0, 1], "vis":1}, {"back":65535, "color":0, "front":7, "normal":3, "tris":[4, 1, 2], "vis":1}, {"back":65535, "color":0, "front":8, "normal":3, "tris":[6, 3, 1], "vis":1}, {"back":65535, "color":0, "front":9, "normal":3, "tris":[3, 2, 1], "vis":1}, {"back":65535, "color":0, "front":10, "normal":15, "tris":[27, 11, 4], "vis":1}, {"back":65535, "color":0, "front":11, "normal":17, "tris":[10, 13, 6], "vis":1}, {"back":24, "color":1, "front":12, "normal":18, "tris":[14, 16, 12], "vis":3}, {"back":65535, "color":1, "front":13, "normal":23, "tris":[16, 14, 28], "vis":3}, {"back":17, "color":1, "front":14, "normal":29, "tris":[19, 29, 18], "vis":3}, {"back":16, "color":1, "front":15, "normal":28, "tris":[29, 28, 18], "vis":3}, {"back":65535, "color":1, "front":65535, "normal":29, "tris":[19, 18, 20], "vis":3}, {"back":65535, "color":1, "front":65535, "normal":25, "tris":[28, 29, 16], "vis":3}, {"back":20, "color":1, "front":18, "normal":31, "tris":[25, 22, 21], "vis":3}, {"back":65535, "color":1, "front":19, "normal":30, "tris":[21, 20, 19], "vis":3}, {"back":65535, "color":1, "front":65535, "normal":30, "tris":[21, 22, 20], "vis":3}, {"back":21, "color":1, "front":65535, "normal":32, "tris":[23, 22, 25], "vis":3}, {"back":22, "color":1, "front":65535, "normal":33, "tris":[25, 24, 23], "vis":3}, {"back":65535, "color":1, "front":23, "normal":34, "tris":[30, 25, 24], "vis":3}, {"back":65535, "color":1, "front":65535, "normal":35, "tris":[31, 24, 23], "vis":3}, {"back":40, "color":0, "front":25, "normal":24, "tris":[27, 17, 11], "vis":1}, {"back":65535, "color":0, "front":26, "normal":24, "tris":[27, 15, 17], "vis":1}, {"back":39, "color":0, "front":27, "normal":27, "tris":[15, 13, 17], "vis":1}, {"back":34, "color":1, "front":28, "normal":9, "tris":[5, 8, 7], "vis":3}, {"back":65535, "color":1, "front":29, "normal":11, "tris":[12, 8, 5], "vis":3}, {"back":33, "color":0, "front":30, "normal":13, "tris":[15, 32, 3, 33, 3, 32], "vis":1}, {"back":65535, "color":0, "front":31, "normal":10, "tris":[13, 3, 6], "vis":1}, {"back":65535, "color":0, "front":32, "normal":19, "tris":[32, 15, 34], "vis":1}, {"back":65535, "color":0, "front":65535, "normal":20, "tris":[15, 3, 13], "vis":1}, {"back":65535, "color":1, "front":65535, "normal":16, "tris":[14, 8, 12], "vis":3}, {"back":65535, "color":0, "front":35, "normal":8, "tris":[27, 4, 2], "vis":1}, {"back":37, "color":1, "front":36, "normal":6, "tris":[7, 35, 5],