{"bounds":{"max":[0.5000076295109483, 0.4500038147554742, 0.5000076295109483], "min":[-0.3499809262226291, -0.5499809262226292, -0.44998855573357743]}, "center":[0.06378271152819104, -0.020660715648126993, -0.017761501487754683], "materials":[{"base":"marker(0)"}], "normals":[[0.9178759441519798, -0.3785305561913481, 0.11926451514457924], [0.9178759441519798, 0.3785458152132448, 0.11926451514457924], [0.9244373235675594, 0.0081025406271458, -0.3812466620889601], [0.9244373235675594, -0.008087281605249075, -0.3812466620889601], [0.9113756008239872, -0.37586022735942626, 0.16768139162279697], [0.9113756008239872, 0.37587548638132295, 0.16768139162279697], [0.9789120317387655, 0.096406500343328, -0.1801022354467079], [0.9789120317387655, -0.09639124132143129, -0.1801022354467079], [0.28628976882581825, -0.3100022888532845, 0.9065995269703212], [0.28628976882581825, 0.3100175478751812, 0.9065995269703212], [0.37500572213321126, -0.21608300907911804, -0.9014724956130312], [0.37500572213321126, 0.21609826810101473, -0.9014724956130312], [0.3006637674525063, -0.9521171892881666, -0.05529869535362786], [0.5392080567635614, 0.8363164721141375, -0.09919890135042342], [0.3006637674525063, -0.9521171892881666, 0.05531395437552453], [0.5392080567635614, 0.8363164721141375, 0.09921416037232013], [0.37257953765163654, -0.24286259250782027, 0.8956588082703899], [0.37257953765163654, 0.24287785152971694, 0.8956588082703899], [0.5517814908064393, -0.31796749828336, -0.7709773403524834], [0.5517814908064393, 0.3179827573052567, -0.7709773403524834], [0.0976272220950637, -0.9671473258564126, 0.23469901579308766], [0.0976272220950637, -0.9671473258564126, -0.23468375677119102], [0.1816128786144808, 0.8811627374685282, 0.43656061646448463], [0.1816128786144808, 0.8811627374685282, -0.43654535744258793], [-0.3589227130540932, -0.3558556496528572, -0.8628366521705959], [-0.3589227130540932, 0.35587090867475396, -0.8628366521705959], [-0.15559624628061342, -0.941390096894789, 0.2992446784161135], [-0.27237354085603116, 0.8071107042038606, 0.5238117036697948], [-0.2915236133363851, -0.2503395132372015, 0.9232166018158237], [-0.2915236133363851, 0.2503547722590982, 0.9232166018158237], [-0.12127870603494317, -0.9488212405584802, -0.2915541313801785], [-0.2158541237506676, 0.8271152819104295, -0.5189135576409551], [-0.42890058747234305, -0.36832227054245825, 0.8248416876478217], [-0.42890058747234305, 0.36833752956435495, 0.8248416876478217], [-0.48224612802319367, 0.2519417105363546, -0.8390020599679561], [-0.48224612802319367, -0.2519264515144579, -0.8390020599679561], [-0.3454337376974136, -0.9139848935683222, 0.2127870603494316], [-0.5717555504692149, 0.7409628442816816, 0.35220874341954683], [-0.34976729991607536, -0.925459678034638, -0.14549477378500042], [-0.5920805676356146, 0.7673151750972763, -0.24629587243457696], [-0.9163500419623102, -0.12233157854581522, -0.3811856260013733], [-0.9163500419623102, 0.1223468375677119, -0.3811856260013733], [-0.812466620889601, -0.37084000915541315, 0.4498359655146105], [-0.812466620889601, 0.37085526817730985, 0.4498359655146105], [-0.8033264667734799, 0.3313191424429694, 0.494850080109865], [-0.8033264667734799, -0.33130388342107275, 0.494850080109865], [-0.77778286411841, -0.32075989929045545, -0.540489814602884], [-0.77778286411841, 0.3207751583123522, -0.540489814602884]], "points":[[-0.20398260471503782, 0.3539940489814603, 0.0], [-0.20398260471503782, -0.35397878995956356, 0.0], [-0.3499809262226291, 0.0, 0.0], [-0.30397497520408945, 0.0, -0.35397878995956356], [-0.24998855573357748, 0.3539940489814603, -0.24998855573357748], [-0.24998855573357748, -0.35397878995956356, -0.24998855573357748], [-0.20398260471503782, 0.0, 0.3539940489814603], [-0.24998855573357748, 0.3539940489814603, 0.2500038147554742], [0.0, 0.0, -0.44998855573357743], [0.0, 0.3539940489814603, 0.3539940489814603], [0.0, -0.35397878995956356, -0.35397878995956356], [-0.24998855573357748, -0.35397878995956356, 0.2500038147554742], [0.0, 0.0, 0.5000076295109483], [0.09999237048905166, 0.4500038147554742, 0.0], [0.2, -0.35397878995956356, -0.24998855573357748], [0.0, 0.3539940489814603, -0.35397878995956356], [0.0, -0.35397878995956356, 0.3539940489814603], [0.3039902342259861, 0.0, -0.35397878995956356], [0.2500038147554742, 0.3539940489814603, 0.2500038147554742], [0.3539940489814603, 0.3539940489814603, 0.0], [0.3539940489814603, -0.35397878995956356, 0.0], [0.2500038147554742, -0.35397878995956356, 0.2500038147554742], [0.2540016784924086, 0.0, 0.3539940489814603], [0.5000076295109483, 0.0, 0.0], [0.09999237048905166, -0.5499809262226292, 0.0], [0.2, 0.3539940489814603, -0.24998855573357748], [-0.14781414511329827, -0.41120012207217516, -0.17700465400167853], [-0.2469520103761349, 0.33072404058899824, 0.25683985656519415], [-0.25471885252155335, 0.3229114213778897, -0.2591134508278019], [0.0, -0.09372091248950942, 0.46134126802471964]], "polys":[{"back":65535, "front":1, "mat":0, "normal":20, "tris":[15, 4, 13], "vis":3}, {"back":65535, "front":2, "mat":0, "normal":21, "tris":[13, 7, 9], "vis":3}, {"back":65535, "front":3, "mat":0, "normal":22, "tris":[24, 5, 10], "vis":3}, {"back":65535, "front":4, "mat":0, "normal":23, "tris":[24, 16, 11], "vis":3}, {"back":65535, "front":5, "mat":0, "normal":24, "tris":[18, 9, 12], "vis":3}, {"back":65535, "front":6, "mat":0, "normal":25, "tris":[21, 12, 16], "vis":3}, {"back":65535, "front":7, "mat":0, "normal":26, "tris":[15, 13, 25], "vis":3}, {"back":65535, "front":8, "mat":0, "normal":27, "tris":[24, 10, 14], "vis":3}, {"back":65535, "front":9, "mat":0, "normal":28, "tris":[17, 8, 15], "vis":3}, {"back":65535, "front":10, "mat":0, "normal":29, "tris":[10, 8, 17], "vis":3}, {"back":65535, "front":11, "mat":0, "normal":30, "tris":[13, 9, 18], "vis":3}, {"back":65535, "front":12, "mat":0, "normal":31, "tris":[24, 21, 16], "vis":3}, {"back":65535, "front":13, "mat":0, "normal":32, "tris":[17, 15, 25], "vis":3}, {"back":51, "front":14, "mat":0, "normal":8, "tris":[8, 3, 4], "vis":3}, {"back":65535, "front":15, "mat":0, "normal":33, "tris":[17, 14, 10], "vis":3}, {"back":50, "front":16, "mat":0, "normal":9, "tris":[5, 3, 8], "vis":3}, {"back":65535, "front":17, "mat":0, "normal":34, "tris":[12, 21, 22], "vis":3}, {"back":65535, "front":18, "mat":0, "normal":35, "tris":[18, 12, 22], "vis":3}, {"back":65535, "front":19, "mat":0, "normal":36, "tris":[25, 13, 19], "vis":3}, {"back":65535, "front":20, "mat":0, "normal":37, "tris":[24, 14, 20], "vis":3}, {"back":65535, "front":21, "mat":0, "normal":38, "tris":[18, 19, 13], "vis":3}, {"back":65535, "front":22, "mat":0, "normal":39, "tris":[24, 20, 21], "vis":3}, {"back":49, "front":23, "mat":0, "normal":46, "tris":[22, 23, 19], "vis":3}, {"back":48, "front":24, "mat":0, "normal":42, "tris":[23, 17, 25], "vis":3}, {"back":47, "front":25, "mat":0, "normal":44, "tris":[23, 20, 14], "vis":3}, {"back":46, "front":26, "mat":0, "normal":41, "tris":[22, 21, 20], "vis":3}, {"back":44, "front":27, "mat":0, "normal":10, "tris":[9, 7, 6], "vis":3}, {"back":43, "front":28, "mat":0, "normal":11, "tris":[11, 16, 6], "vis":3}, {"back":41, "front":29, "mat":0, "normal":14, "tris":[13, 0, 7], "vis":3}, {"back":38, "front":30, "mat":0, "normal":0, "tris":[3, 2, 0], "vis":3}, {"back":37, "front":31, "mat":0, "normal":3, "tris":[11, 6, 2], "vis":3}, {"back":34, "front":32, "mat":0, "normal":5, "tris":[2, 1, 11], "vis":3}, {"back":33, "front":65535, "mat":0, "normal":13, "tris":[26, 24, 1], "vis":3}, {"back":65535, "front":65535, "mat":0, "normal":15, "tris":[24, 11, 1], "vis":3}, {"back":36, "front":35, "mat":0, "normal":6, "tris":[1, 3, 5], "vis":3}, {"back":65535, "front":65535, "mat":0, "normal":13, "tris":[1, 5, 26], "vis":3}, {"back":65535, "front":65535, "mat":0, "normal":1, "tris":[2, 3, 1], "vis":3}, {"back":65535, "front":65535, "mat":0, "normal":2, "tris":[6, 27, 2], "vis":3}, {"back":65535, "front":39, "mat":0, "normal":2, "tris":[7, 2, 27], "vis":3}, {"back":40, "front":65535, "mat":0,