{"bounds":{"max":[15.0, 52.8, 65.0], "min":[-15.0, 0.0, -65.0]}, "center":[0.0, 0.0, 0.0], "colors":["marker(0)"], "normals":[[0.9241321431296254, -0.3820706492713817, 0.0, 0.0], [0.8048065918974594, -0.5935301747158007, 0.0, 0.0], [0.7887846189059281, -0.5997863736934462, 0.13440146486610208, 0.0], [0.9161669336995498, -0.40080872816052493, 0.0, 0.0], [0.9156939040207522, -0.3985046158541238, -0.051987487602044746, 0.0], [0.9173571374074921, -0.39771114671549557, -0.016922255283436383, 0.0], [0.8423132677195392, -0.5268940260929275, 0.11348134584573129, 0.0], [0.47566948958571753, -0.7734798199435416, -0.41886015106431673, 0.0], [0.7070420386053254, -0.6900434882124056, 0.15463492790112154, 0.0], [0.0, -0.7365377279316396, -0.6763714045929656, 0.0], [0.30086213473716333, -0.9456321049820706, -0.12338445105668727, 0.0], [0.5381857022964828, -0.7125963225757229, -0.4500495918211642, 0.0], [0.0, -0.4610055695429923, 0.8873884184023804, 0.0], [0.9758297093156328, -0.19215686274509802, -0.10405127031357286, 0.0], [0.0, -0.9418478675516899, -0.33598840314335854, 0.0], [0.0, -0.7048752574959944, 0.7093156328679332, 0.0], [0.0, -0.743907835507744, -0.6682536049439232, 0.0], [0.0, -0.65981536583505, 0.7514152742809186, 0.0], [0.0, -1.0, 0.0, 0.0], [-0.2557564660105287, -0.09279011215381094, 0.9622796978713665, 0.0], [0.0, -0.701884489204242, -0.7122758831158923, 0.0], [-0.32237735561150527, -0.7417715724422065, 0.5880674448767834, 0.0], [0.0, -0.9986266880292973, 0.05229266803997864, 0.0], [0.0, -0.9545586327916381, -0.29799343862058447, 0.0], [0.46974898908979934, 0.8805371175707637, 0.06327916380560006, 0.0], [-0.4807965209430075, 0.8767071030746929, -0.014267185473411104, 0.0], [-0.815930418860151, -0.5641412985427634, 0.12642099641412985, 0.0], [0.0, -0.9648126955062181, 0.26291294728007936, 0.0], [-0.2730601968413825, -0.18181124589913789, 0.944655527580682, 0.0], [0.3271839475089647, -0.237247272449836, -0.9146715495536736, 0.0], [0.0, -0.499473563744564, 0.8663309681849394, 0.0], [-0.33386739909971774, -0.9346761272602426, -0.12196536202029451, 0.0], [0.44321355001144425, -0.860822461280232, -0.25004959182116426, 0.0], [-0.6058594644083315, -0.7183642328526741, 0.34183260852979325, 0.0], [0.3433127336537728, -0.28416876478217745, -0.8951857785915923, 0.0], [-0.7628442816815442, -0.6308995193408102, 0.14137483787289234, 0.0], [-0.9385519188220035, -0.33096818493934543, 0.09776455329213397, 0.0], [-0.5570458533607996, -0.8234836346990158, -0.10745403219653615, 0.0], [-0.8183413443198291, -0.3282368200198368, 0.47174792095826656, 0.0], [-0.5132982375829709, -0.8581826504921035, 0.0, 0.0], [-0.9039291981383993, -0.17895780880445566, -0.388387884336614, 0.0], [-0.8479896238651102, -0.5299916075379568, 0.0, 0.0], [-0.9962767986572061, -0.08253604943923099, 0.024383916990920882, 0.0], [-0.9985961699855039, -0.052796215762569654, 0.0, 0.0]], "points":[[-15.0, 0.0, -32.49999237048905], [-9.099977111467155, 8.0, 42.57500572213321], [-10.699992370489051, 6.4, -61.67498283360037], [-15.0, 0.0, 0.0], [-5.899992370489052, 12.0, -11.82499427786679], [-10.699992370489051, 10.4, -43.824994277866786], [4.2999923704890515, 10.4, -43.824994277866786], [-15.0, 0.0, -65.0], [-9.099977111467155, 12.0, 11.925001907377737], [-5.899992370489052, 20.8, -28.074982833600366], [15.0, 0.0, 0.0], [7.500007629510948, 8.0, 42.57500572213321], [-1.9199969481956207, 17.6, -51.83999389639124], [13.900007629510949, 16.0, -23.274982833600365], [4.2999923704890515, 6.4, -61.67498283360037], [15.0, 0.0, 65.0], [7.500007629510948, 12.0, 11.925001907377737], [15.0, 0.0, -32.49999237048905], [15.0, 0.0, -65.0], [-0.31998168917372394, 12.8, 27.2], [-15.0, 0.0, 65.0], [1.2800030518043792, 52.8, -19.839993896391242], [13.900007629510949, 20.8, -7.024979018844892], [8.412802319371329, 34.71366445410849, -12.596963454642557]], "polys":[{"back":12, "color":0, "front":1, "normal":9, "tris":[6, 5, 0], "vis":0}, {"back":65535, "color":0, "front":2, "normal":0, "tris":[7, 0, 5], "vis":1}, {"back":65535, "color":0, "front":3, "normal":2, "tris":[7, 5, 2], "vis":1}, {"back":65535, "color":0, "front":4, "normal":8, "tris":[12, 2, 5], "vis":1}, {"back":65535, "color":0, "front":5, "normal":12, "tris":[7, 2, 18], "vis":1}, {"back":65535, "color":0, "front":6, "normal":16, "tris":[12, 5, 6], "vis":1}, {"back":65535, "color":0, "front":7, "normal":17, "tris":[12, 14, 2], "vis":1}, {"back":65535, "color":0, "front":8, "normal":9, "tris":[6, 0, 17], "vis":0}, {"back":65535, "color":0, "front":9, "normal":12, "tris":[18, 2, 14], "vis":1}, {"back":10, "color":0, "front":65535, "normal":26, "tris":[14, 12, 6], "vis":1}, {"back":11, "color":0, "front":65535, "normal":35, "tris":[17, 14, 6], "vis":1}, {"back":65535, "color":0, "front":65535, "normal":39, "tris":[18, 14, 17], "vis":1}, {"back":24, "color":0, "front":13, "normal":15, "tris":[10, 3, 8], "vis":0}, {"back":65535, "color":0, "front":14, "normal":10, "tris":[8, 1, 19], "vis":1}, {"back":65535, "color":0, "front":15, "normal":14, "tris":[20, 15, 1], "vis":1}, {"back":23, "color":0, "front":16, "normal":4, "tris":[1, 8, 3], "vis":1}, {"back":65535, "color":0, "front":17, "normal":22, "tris":[19, 16, 8], "vis":1}, {"back":65535, "color":0, "front":18, "normal":23, "tris":[19, 1, 11], "vis":1}, {"back":65535, "color":0, "front":19, "normal":14, "tris":[15, 11, 1], "vis":1}, {"back":65535, "color":0, "front":20, "normal":15, "tris":[8, 16, 10], "vis":0}, {"back":65535, "color":0, "front":21, "normal":31, "tris":[11, 16, 19], "vis":1}, {"back":65535, "color":0, "front":22, "normal":37, "tris":[15, 16, 11], "vis":1}, {"back":65535, "color":0, "front":65535, "normal":41, "tris":[15, 10, 16], "vis":1}, {"back":65535, "color":0, "front":65535, "normal":1, "tris":[3, 20, 1], "vis":1}, {"back":65535, "color":0, "front":25, "normal":36, "tris":[22, 13, 21], "vis":1}, {"back":65535, "color":0, "front":26, "normal":40, "tris":[22, 16, 10], "vis":1}, {"back":65535, "color":0, "front":27, "normal":42, "tris":[22, 17, 13], "vis":1}, {"back":65535, "color":0, "front":28, "normal":43, "tris":[22, 10, 17], "vis":1}, {"back":42, "color":0, "front":29, "normal":19, "tris":[13, 0, 9], "vis":0}, {"back":65535, "color":0, "front":30, "normal":28, "tris":[21, 13, 9], "vis":1}, {"back":38, "color":0, "front":31, "normal":6, "tris":[8, 4, 3], "vis":1}, {"back":32, "color":0, "front":65535, "normal":20, "tris":[10, 4, 3], "vis":0}, {"back":65535, "color":0, "front":33, "normal":24, "tris":[10, 8, 4], "vis":0}, {"back":34, "color":0, "front":65535, "normal":29, "tris":[23, 4, 22], "vis":1}, {"back":37, "color":0, "front":35, "normal":32, "tris":[16, 22, 4], "vis":1}, {"back":36, "color":0, "front":65535, "normal":33, "tris":[16, 10, 4], "vis":0}, {"back":65535, "color":0, "front":65535, "normal":34, "tris":[22, 4, 10], "vis":0}, {"back":65535, "color":0, "front":65535, "normal":18, "tris":[16, 4, 8], "vis":1}, {"back":40, "color":0, "front":39, "normal":7, "tris":[9, 3, 4], "vis":1}, {"back":65535, "color":0, "front":65535, "normal":3, "tris":[9, 0, 3], "vis":1}, {"back":65535, "color":0, "front":41, "normal":13, "tris":[21, 9, 4], "vis":1}, {"back":65535, "color":0, "front":65535, "normal":29, "tris":[4, 23, 21], "vis":1}, {"back":65535, "color":0, "front":43, "normal":5, "tris":[9, 5, 0], "vis":1}, {"back":48, "color":0, "front":44, "normal":11, "tris":[13, 5, 0], "vis":0}, {"back":46, "color":0, "front":45, "normal":25, "tris":[13, 0, 6], "vis":0}, {"back":65535, "color":0, "front":65535, "normal":27, "tris":[13, 6, 5], "vis":1}, {"back":47, "color":0, "front":65535, "normal":30, "tris":[13, 17, 0], "vis":0}, {"back":65535, "color":0, "front":65535, "normal":38, "tris":[17, 6, 13], "vis":1}, {"back":65535, "color":0, "front":65535, "normal":21, "tris":[13, 5, 9], "vis":1}], "radius1":66.70832379644465, "radius2":66.70832379644465}
