{
  "LEDI": [
    {
      "Alf": "medievos.alf",
      "Name": "Medievos",
      "Message": "Don thy bow and arrow, and prepare yourself."
    }
  ],
  "HULL": {
    "2100": {
      "Hull Res ID": 2001,
      "Max Missiles": 4,
      "Max Grenades": 6,
      "Max boosters": 3,
      "Mass": 140.0,
      "Max Energy": 1.8,
      "Energy Charge": 1.0500038147554742,
      "Max Shields": 0.9000076295109484,
      "Shield Charge": 1.0500038147554742,
      "Min Shot": 1.0,
      "Max Shot": 0.9000076295109484,
      "Shot Charge": 1.0500038147554742,
      "Riding Height": 0.2500038147554742,
      "Acceleration": 1.0,
      "Jump Power": 1.0
    }
  },
  "BSPT": {}
}