{"bounds":{"max":[0.29999237048905164, 0.056992446784161134, 0.4500038147554742], "min":[-0.299977111467155, -0.1169756618600748, -0.44998855573357743]}, "center":[0.0, 0.0, 0.0], "colors":["#4f504f", "#525452", "#000000"], "normals":[[-0.672785534447242, -0.7350270847638667, 0.08409246967269399, 0.0], [-0.7037308308537422, -0.7037308308537422, -0.09732204165712977, 0.0], [-0.672785534447242, -0.7350270847638667, -0.08407721065079732, 0.0], [-0.7037308308537422, -0.7037308308537422, 0.09733730067902648, 0.0], [-0.19192797741664758, -0.794674601358053, -0.5758449683375295, 0.0], [-0.19192797741664758, -0.794674601358053, 0.5758602273594262, 0.0], [0.0, 1.0, 0.0, 0.0], [0.8598306248569467, 0.3615167467765316, -0.3605554283970398, 0.0], [0.10756084534981308, -0.99316395819028, -0.04521248187991145, 0.0], [0.8597390707255665, 0.3608148317692836, -0.3614557106889449, 0.0], [0.09942778667887388, -0.9943541618982223, -0.036865796902418535, 0.0], [0.0, 0.0, 1.0, 0.0], [0.37042801556420235, 0.9157854581521324, -0.15532158388647288, 0.0], [0.044632639047837035, -0.9931181811245899, -0.10814068818188749, 0.0], [0.35591668574044405, 0.3599603265430686, -0.8623941405355917, 0.0], [0.02294956893263142, -0.9996948195620661, -0.00848401617456318, 0.0], [-0.18803692683299, -0.797436484321355, -0.5733272297245746, 0.0], [-0.18803692683299, -0.797436484321355, 0.5733424887464713, 0.0], [0.0, -1.0, 0.0, 0.0], [0.3578545815213245, 0.3619134813458457, -0.8607766842145419, 0.0], [0.044632639047837035, -0.9932097352559701, -0.10734721904325928, 0.0], [0.0, 0.0, -1.0, 0.0], [0.009063859006637675, -0.9997100785839628, -0.021942473487449488, 0.0], [0.1543755245288777, 0.9144579232471198, -0.3740749217975128, 0.0], [0.0, 0.8320592050049592, 0.5546959639887084, 0.0], [-0.0723735408560311, -0.8671854734111544, -0.4926527809567407, 0.0], [-0.009185931181811213, -0.9997100785839628, -0.021942473487449488, 0.0], [-0.15680170901045243, 0.9141069657434958, -0.3739375906004425, 0.0], [-0.3605554283970398, 0.3615167467765316, -0.85981536583505, 0.0], [-0.0449988555733577, -0.9931944762340734, -0.10734721904325928, 0.0], [-0.3614557106889449, 0.3608148317692836, -0.8597238117036698, 0.0], [-0.022384985122453682, -0.9996948195620661, -0.00936903944457157, 0.0], [-0.3739375906004425, 0.9141069657434958, -0.15680170901045243, 0.0], [-0.04521248187991145, -0.99316395819028, -0.10754558632791633, 0.0], [0.0, -0.7784084840161746, -0.6277409018081941, 0.0], [0.0, -0.7784084840161746, 0.6277561608300908, 0.0], [-0.8601052872510873, 0.36069275959411, -0.36067750057221337, 0.0], [-0.10762188143739981, -0.9931486991683833, -0.04512092774853127, 0.0], [0.10843060959792478, -0.9931029221026932, -0.044342717631799755, 0.0], [0.8636606393530175, 0.3595483329518578, -0.3532921339742122, 0.0], [0.8628366521705959, 0.35297169451438165, -0.3618219272144656, 0.0], [0.10194552529182879, -0.9940642404821851, -0.03779659723811701, 0.0], [-0.8595254444190128, 0.36139467460135805, -0.3613794155794614, 0.0], [-0.10734721904325928, -0.9931792172121767, -0.04512092774853127, 0.0], [0.19078355077439535, -0.7974822613870451, -0.572350652323186, 0.0], [0.19078355077439535, -0.7974822613870451, 0.5723659113450827, 0.0], [0.18942549782558937, -0.7940642404821852, -0.5775387197680628, 0.0], [0.18942549782558937, -0.7940642404821852, 0.5775539787899595, 0.0], [0.6675974670023651, -0.7387655451285573, 0.09234760051880675, 0.0], [0.6675974670023651, -0.7387655451285573, -0.09233234149691005, 0.0], [0.7043564507515069, -0.7043411917296101, -0.08802929732204168, 0.0], [0.7043564507515069, -0.7043411917296101, 0.08804455634393836, 0.0]], "points":[[-0.24998855573357748, 0.056992446784161134, 0.4], [-0.299977111467155, 0.056992446784161134, 0.0], [-0.20198367284657048, 0.0069886320286869615, -0.3469748989089799], [-0.20198367284657048, 0.0069886320286869615, 0.3469901579308766], [-0.21298542763408868, 0.0069886320286869615, -0.22098115510795757], [-0.14998092622262915, 0.010986495765621425, -0.15898374914168], [-0.17598229953459987, 0.0069886320286869615, -0.1329823758297093], [-0.1729762722209507, 0.010986495765621425, -0.22098115510795757], [-0.17598229953459987, -0.08097962920576796, -0.22098115510795757], [-0.08697642481116963, 0.012985427634088656, -0.22398718242160676], [-0.09997711146715493, 0.056992446784161134, -0.44998855573357743], [-0.24998855573357748, 0.0069886320286869615, 0.0], [-0.08697642481116963, -0.1169756618600748, -0.22098115510795757], [-0.08697642481116963, 0.0069886320286869615, -0.09597924773022048], [-0.08697642481116963, 0.010986495765621425, -0.1329823758297093], [-0.13897917143511096, -0.03398184176394292, -0.22497901884489202], [-0.14998092622262915, -0.08097962920576796, -0.15898374914168], [-0.06097505149919891, -0.03398184176394292, -0.22497901884489202], [-0.08998245212481881, 0.0069886320286869615, -0.22098115510795757], [0.0009918364232852674, 0.010986495765621425, -0.22098115510795757], [-0.044983596551461, 0.0049897001602197295, -0.22497901884489202], [-0.08697642481116963, -0.08097962920576796, -0.1329823758297093], [-0.024979018844892065, -0.08097962920576796, -0.15898374914168], [-0.024979018844892065, 0.010986495765621425, -0.15898374914168], [-0.09997711146715493, 0.056992446784161134, 0.4500038147554742], [-0.0769817654688334, 0.0069886320286869615, 0.3879911497672999], [0.0009918364232852674, -0.08097962920576796, -0.22098115510795757], [0.0009918364232852674, 0.0069886320286869615, -0.1329823758297093], [0.09999237048905166, 0.056992446784161134, -0.44998855573357743], [0.003997863736934462, 0.0069886320286869615, -0.1329823758297093], [-0.0319829098954757, 0.0069886320286869615, -0.22098115510795757], [0.029999237048905166, -0.08097962920576796, -0.15898374914168], [0.029999237048905166, 0.010986495765621425, -0.15898374914168], [0.07699702449073015, 0.0069886320286869615, -0.3879758907454032], [0.0069886320286869615, 0.010986495765621425, -0.22098115510795757], [0.09999237048905166, 0.056992446784161134, 0.4500038147554742], [0.003997863736934462, -0.08097962920576796, -0.22098115510795757], [0.092988479438468, -0.1169756618600748, -0.22098115510795757], [0.092988479438468, 0.010986495765621425, -0.1329823758297093], [0.092988479438468, 0.0069886320286869615, -0.09597924773022048], [0.2500038147554742, 0.0069886320286869615, 0.0], [0.07699702449073015, 0.0069886320286869615, 0.3879911497672999], [0.060990310521095596, -0.03398184176394292, -0.22497901884489202], [0.0899977111467155, 0.0069886320286869615, -0.22098115510795757], [0.18100251773861295, 0.010986495765621425, -0.22098115510795757], [0.1389944304570077, -0.03398184176394292, -0.22497901884489202], [0.15500114442664226, -0.08097962920576796, -0.15898374914168], [0.15500114442664226, 0.010986495765621425, -0.15898374914168], [0.2500038147554742, 0.056992446784161134, -0.3999847409781033], [0.15500114442664226, 0.0049897001602197295, -0.22497901884489202], [0.18100251773861295, -0.08097962920576796, -0.22098115510795757], [0.18100251773861295, 0.0069886320286869615, -0.1329823758297093], [0.29999237048905164, 0.056992446784161134, 0.0], [0.21799038681620508, 0.0069886320286869615, -0.22098115510795757], [0.2500038147554742, 0.056992446784161134, 0.4], [-0.24998855573357748, 0.056992446784161134, -0.3999847409781033], [0.0, 0.056992446784161134, 0.0], [-0.0769817654688334, 0.0069886320286869615, -0.3879758907454032], [0.20199893186846724, 0.0069886320286869615, 0.3469901579308766], [0.20199893186846724, 0.0069886320286869615, -0.3469748989089799], [0.03799496452277409, 0.0069886320286869615, -0.22098115510795757], [0.092988479438468, -0.08097962920576796, -0.1329823758297093], [0.0025177386129549098, 0.0069886320286869615, -0.13659876401922633], [0.0026855878538185702, -0.04222171358815896, -0.18628213931486992], [0.0025177386129549098, -0.0773632410162508, -0.22098115510795757], [-0.15498588540474556, 0.0049897001602197295, -0.22497901884489202], [-0.09997711146715493, -0.049973296711680826, -0.22497901884489202], 