{"bounds":{"max":[0.5000076295109483, 0.5649958037689784, 1.025986114290074], "min":[-0.49999237048905165, 0.0049897001602197295, -1.0259708552681772]}, "center":[0.0, 0.2899977111467155, 0.0], "materials":[{"base":"marker(0)"}], "normals":[[0.9048905165178912, 0.4041809719996948, -0.13347066453040357], [0.9048905165178912, -0.40416571297779813, -0.13347066453040357], [0.9059891660944533, -0.4046540016784924, 0.12428473334859236], [0.9059891660944533, 0.4046692607003891, 0.12428473334859236], [0.918318455786984, -0.3719233997100786, 0.13545433737697413], [0.918318455786984, 0.3719386587319753, 0.13545433737697413], [0.9203173876554512, -0.3702601663233387, -0.1262378881513695], [0.9203173876554512, 0.3702754253452354, -0.1262378881513695], [0.4123903257801175, -0.9092393377584497, 0.056565194171053636], [0.5860074769207294, 0.8063172350652323, 0.08038452735179676], [0.3658503089951934, -0.9293049515526055, -0.05017166399633788], [0.5851834897383078, 0.8069275959411002, -0.08026245517662323], [0.7632715342946517, -0.4097199969481956, -0.49950408178835737], [0.7632715342946517, 0.4097352559700923, -0.49950408178835737], [0.7807278553444724, -0.40906385900663766, 0.4723735408560311], [0.7807278553444724, 0.40907911802853436, 0.4723735408560311], [0.4093385214007782, -0.9025253681239033, -0.13363851377126723], [0.585976958876936, 0.8062714579995423, -0.08104066529335474], [0.2676585030899519, -0.9595330739299611, 0.0873884184023804], [0.5845426108186466, 0.8073243305104143, 0.08085755703059434], [0.7895780880445563, -0.3309987029831388, 0.5167315175097277], [0.7895780880445563, 0.33101396200503547, 0.5167315175097277], [0.19034103913939115, -0.9749294270237278, 0.11515983825436789], [0.3894254978255894, 0.8904097047379262, 0.23561455710688944], [0.8098878461890593, -0.32243839169909205, -0.48999771114671553], [0.8098878461890593, 0.3224536507209888, -0.48999771114671553], [0.10508888380254826, -0.983916990920882, -0.1443350881208515], [0.12944228274967576, 0.9096665903715572, -0.3946593423361563], [0.16452277409018082, -0.9813229571984435, -0.09951934081025404], [0.3070572976272221, 0.9333943694209201, -0.18576333257038224], [0.1654383154039826, -0.9847257190814069, -0.05400167849240867], [0.007995727473868924, 0.9999694819562066, -0.001083390554665442], [0.1654383154039826, -0.9847257190814069, 0.054016937514305335], [0.007995727473868924, 0.9999694819562066, 0.0010986495765621424], [0.07823300526436255, -0.9911192492561227, 0.10745403219653621], [0.071625848783093, 0.9732356755931945, 0.2183871213855192], [0.10238803692683299, -0.9847409781033036, 0.14064240482185092], [0.10238803692683299, -0.9847409781033036, -0.14062714579995428], [0.0015869382772564279, 1.0, 0.004837109941252766], [0.0015869382772564279, 1.0, -0.004821850919356052], [0.0, -0.3924162661173419, 0.9197833218890669], [0.0, 0.39243152513923857, 0.9197833218890669], [0.0, -0.3924162661173419, -0.9197680628671702], [0.0, 0.39243152513923857, -0.9197680628671702], [0.0, -0.9934843976501107, -0.11387808041504544], [0.0, 0.9741969939726863, -0.22571145189593345], [0.0, -0.9934843976501107, 0.11389333943694209], [0.0, 0.9741969939726863, 0.22572671091783017], [0.0, 1.0, -0.0051270313572899795], [0.0, -0.984771496147097, -0.1737697413595789], [0.0, 1.0, 0.005142290379186694], [0.0, -0.984771496147097, 0.17378500038147554], [-0.10237277790493626, -0.9847409781033036, 0.14064240482185092], [-0.10237277790493626, -0.9847409781033036, -0.14062714579995428], [-0.0015716792553597259, 1.0, 0.004837109941252766], [-0.0015716792553597259, 1.0, -0.004821850919356052], [-0.07821774624246591, -0.9911192492561227, -0.10743877317463946], [-0.07161058976119627, 0.9732356755931945, -0.2183718623636225], [-0.16542305638208588, -0.9847257190814069, 0.054016937514305335], [-0.16542305638208588, -0.9847257190814069, -0.05400167849240867], [-0.0079804684519722, 0.9999694819562066, 0.0010986495765621424], [-0.0079804684519722, 0.9999694819562066, -0.001083390554665442], [-0.1645075150682841, -0.9813229571984435, 0.09953459983215075], [-0.3070420386053254, 0.9333943694209201, 0.18577859159227894], [-0.12942702372777903, 0.9096665903715572, 0.39467460135805293], [-0.10507362478065152, -0.983916990920882, 0.14435034714274814], [-0.8098725871671626, 0.3224536507209888, 0.49001297016861217], [-0.8098725871671626, -0.32243839169909205, 0.49001297016861217], [-0.19032578011749446, -0.9749294270237278, -0.11514457923247123], [-0.38941023880369263, 0.8904097047379262, -0.2355992980849928], [-0.7895628290226596, 0.33101396200503547, -0.5167162584878309], [-0.7895628290226596, -0.3309987029831388, -0.5167162584878309], [-0.5845273517967498, 0.8073243305104143, -0.08084229800869769], [-0.2676432440680553, -0.9595330739299611, -0.08737315938048373], [-0.4093232623788815, -0.9025253681239033, 0.13365377279316396], [-0.5859616998550393, 0.8062714579995423, 0.0810559243152514], [-0.7807125963225757, -0.40906385900663766, -0.4723582818341344], [-0.7807125963225757, 0.40907911802853436, -0.4723582818341344], [-0.763256275272755, -0.4097199969481956, 0.49951934081025406], [-0.763256275272755, 0.4097352559700923, 0.49951934081025406], [-0.36583504997329674, -0.9293049515526055, 0.05018692301823453], [-0.585168230716411, 0.8069275959411002, 0.08027771419851988], [-0.4123750667582208, -0.9092393377584497, -0.05654993514915696], [-0.5859922178988327, 0.8063172350652323, -0.0803692683299001], [-0.9203021286335547, -0.3702601663233387, 0.1262531471732662], [-0.9203021286335547, 0.3702754253452354, 0.1262531471732662], [-0.9183031967650873, -0.3719233997100786, -0.1354390783550774], [-0.9183031967650873, 0.3719386587319753, -0.1354390783550774], [-0.9059739070725567, -0.4046540016784924, -0.12426947432669566], [-0.9059739070725567, 0.4046692607003891, -0.12426947432669566], [-0.9048752574959945, -0.40416571297779813, 0.1334859235523003], [-0.9048752574959945, 0.4041809719996948, 0.1334859235523003]],