{"bounds":{"max":[1.495002670328832, 8.975005722133211, 0.8660105287251088], "min":[-0.5139848935683222, -0.024979018844892065, -0.8589913786526284]}, "center":[-0.16923781185625997, 4.374013885709926, 0.0013275349050125887], "materials":[{"base":"marker(0)"}], "normals":[[0.0, 1.0, 0.0], [-0.9898832684824903, -0.14187838559548333, 0.0], [-0.7040665293354696, -0.06707866025787747, 0.7069504844739452], [-0.7040665293354696, -0.06707866025787747, -0.706965743495842], [-0.9467002365148394, -0.15196459906919965, -0.2840009155413138], [-0.946868085755703, -0.15205615320057983, 0.28340581368734263], [-0.9529411764705882, 0.09964141298542761, -0.28635080491340503], [-0.9530632486457618, 0.09961089494163422, 0.28589303425650414], [-0.9912413214312963, 0.132143129625391, 0.0], [-0.9572747386892501, -0.0341039139391165, -0.28717479209582664], [-0.9574578469520104, -0.03407339589532311, 0.2865796902418555], [0.0, -1.0, 0.0], [-0.997940032043946, -0.06419470511940184, 0.0], [-0.38283360036621655, -0.030182345311665523, -0.9233234149691005], [-0.38283360036621655, -0.030182345311665523, 0.9233081559472038], [0.0, 0.07377737087052716, -0.997283894102388], [0.0, 0.07377737087052716, 0.9972686350804914], [-0.7006027313649195, 0.12603952086671244, -0.7023270008392462], [-0.7006027313649195, 0.12603952086671244, 0.7023117418173495], [-0.7052872510872054, -0.0520485236896315, 0.7070115205615319], [-0.7052872510872054, -0.0520485236896315, -0.7070267795834287], [-0.38254367895017927, 0.05391012436102849, -0.9223620965896087], [-0.38254367895017927, 0.05391012436102849, 0.922346837567712], [-0.3829709315632868, 0.015243762874799671, -0.9236438544289312], [-0.3829709315632868, 0.015243762874799671, 0.9236285954070345], [0.6898756389715419, 0.21019302662699324, 0.6927138170443274], [0.6898756389715419, 0.21019302662699324, -0.6927290760662241], [0.38013275349050124, 0.12205691615167469, 0.9168230716411078], [0.38013275349050124, 0.12205691615167469, -0.9168383306630045], [0.9685206378271153, 0.24888990615701534, 0.0], [0.0, 0.05654993514915696, 0.9983978027008469], [0.0, 0.018310826276035752, -0.9998321507591363], [0.0, 0.05654993514915696, -0.9984130617227436], [0.0, 0.018310826276035752, 0.9998168917372396], [0.932997634851606, 0.22359044785229265, -0.2819714656290532], [0.9331654840924697, 0.22357518883039595, 0.281376363775082], [0.38138399328603034, 0.09147783627069506, 0.9198596169985503], [0.38138399328603034, 0.09147783627069506, -0.919874876020447], [0.38300144960708016, -0.0225986114290074, 0.9234607461661708], [0.38300144960708016, -0.0225986114290074, -0.9234760051880675], [0.9457846952010376, 0.15535210193026627, 0.2851911192492561], [0.9456168459601739, 0.1552910658426795, -0.28578622110322727], [0.703440909437705, 0.0887464713511864, -0.7051804379339285], [0.703440909437705, 0.0887464713511864, 0.7051651789120317], [0.7061570153353169, -0.01416037232013428, -0.7079118028534371], [0.7061570153353169, -0.01416037232013428, 0.7078965438315403], [0.9534294651712825, -0.09085221637293049, 0.28757152666514074], [0.9533073929961089, -0.0907911802853437, -0.28802929732204163], [0.990951400015259, 0.13409628442816812, 0.0], [0.9978027008468757, -0.06617837796597238, 0.0]], "points":[[-0.09797817959868771, 8.975005722133211, 0.002990768291752499], [-0.5139848935683222, 8.975005722133211, -0.16897840848401613], [-0.5139848935683222, 8.975005722133211, 0.17599755855649654], [-0.26997787441824983, 8.975005722133211, -0.41197833218890667], [0.07399099717708095, 8.975005722133211, 0.41899748226138706], [0.10899519340810254, 2.9750057221332113, -0.2839856565194171], [0.10899519340810254, 2.9750057221332113, 0.2909895475700008], [-0.29097428854810403, -0.024979018844892065, 0.002990768291752499], [0.05099565117875944, 5.975005722133211, 0.45400167849240863], [0.5020065613794156, -0.024979018844892065, 0.002990768291752499], [-0.08398565651941714, 5.975005722133211, 0.002990768291752499], [0.3179980163271534, 8.975005722133211, -0.16897840848401613], [0.3179980163271534, 8.975005722133211, 0.17599755855649654], [0.07399099717708095, 8.975005722133211, -0.41197833218890667], [-0.26997787441824983, 8.975005722133211, 0.41899748226138706], [0.5020065613794156, 5.975005722133211, 0.002990768291752499], [0.5150072480354009, 2.9750057221332113, -0.6889906157015335], [0.5150072480354009, 2.9750057221332113, 0.6960097657740139], [-0.10797283894102383, -0.024979018844892065, -0.6059815365835051], [0.05099565117875944, 5.975005722133211, -0.44698252841992825], [0.5020065613794156, 5.975005722133211, -0.6339818417639429], [0.5020065613794156, 5.975005722133211, 0.6410009918364233], [0.953002212558175, 5.975005722133211, 0.45400167849240863], [1.0889906157015334, 2.9750057221332113, -0.6889906157015335], [1.0889906157015334, 2.9750057221332113, 0.6960097657740139], [0.5020065613794156, -0.024979018844892065, -0.8589913786526284], [1.1120012207217518, -0.024979018844892065, 0.6130006866559854], [1.0889906157015334, 5.975005722133211, 0.002990768291752499], [0.5020065613794156, -0.024979018844892065, 0.8660105287251088], [1.2959945067521172, -0.024979018844892065, 0.002990768291752499], [1.495002670328832, 2.9750057221332113, 0.2909895475700008], [1.495002670328832, 2.9750057221332113, -0.2839856565194171], [1.1120012207217518, -0.024979018844892065, -0.6059815365835051], [-0.10797283894102383, -0.024979018844892065, 0.6130006866559854], [0.953002212558175, 5.975005722133211, -0.44698252841992825], [0.8019989318684673, 2.9750057221332113, 0.002990768291752499]], "polys":[{"back":65535, "front":1, "mat":0, "normal":0, "tris":[2, 0, 1], "vis":1}, {"back":65535, "front":2, "mat":0, "normal":0, "tris":[14, 0, 2], "vis":1}, {"back":65535, "front":3, "mat":0, "normal":0, "tris":[1, 0, 3], "vis":1}, {"back":65535, "front":4, "mat":0, "normal":0, "tris":[3, 0, 13], "vis":1}, {"back":65535, "front":5, "mat":0, "normal":0, "tris":[4, 0, 14], "vis":1}, {"back":65535, "front":6, "mat":0, "normal":11, "tris":[7, 9, 33], "vis":1}, {"back":65535, "front":7, "mat":0, "normal":11, "tris":[9, 7, 18], "vis":1}, {"back":65535, "front":8, "mat":0, "normal":0, "tris":[0, 11, 13], "vis":1}, {"back":65535, "front":9, "mat":0, "normal":0, "tris":[12, 0, 4], "vis":1}, {"back":65535, "front":10, "mat":0, "normal":15, "tris":[3, 13, 20], "vis":1}, {"back":65535, "front":11, "mat":0, "normal":16, "tris":[4, 14, 21], "vis":1}, {"back":34, "front":12, "mat":0, "normal":11, "tris":[15, 10, 19], "vis":1}, {"back":65535, "front":13, "mat":0, "normal":1, "tris":[2, 1, 10], "vis":1}, {"back":65535, "front":14, "mat":0, "normal":2, "tris":[14, 2, 8], "vis":1}, {"back":65535, "front":15, "mat":0, "normal":3, "tris":[1, 3, 19], "vis":1}, {"back":65535, "front":16, "mat":0, "normal":4, "tris":[10, 1, 19], "vis":1}, {"back":65535, "front":17, "mat":0, "normal":5, "tris":[8, 2, 10], "vis":1}, {"back":65535, "front":18, "mat":0, "normal":13, "tris":[19, 3, 20], "vis":1}, {"back":65535, "front":19, "mat":0, "normal":14, "tris":[8, 21, 14], "vis":1}, {"back":65535, "front":20, "mat":0, "normal":11, "tris":[15, 8, 10], "vis":1}, {"back":65535, "front":21, "mat":0, "normal":0, "tris":[11, 0, 12], "vis":1}, {"back":65535, "front":22, "mat":0, "normal":11, "tris":[15, 19, 20], "vis":1}, {"back":65535, "front":23, "mat":0, "normal":11, "tris":[8, 15, 21], "vis":1}, {"back":65535, "front":24, "mat":0, "normal":25, "tris":[12, 4, 22], "vis":1}, {"back":65535, "front":25, "mat":0, "normal":26, "tris":[13, 11, 34], "vis":1}, {"back":65535, "front":26, "mat":0, "normal":27, "tris":[4, 21, 22], "vis":1}, {"back":65535, "front":27, "mat":0, "normal":28, "tris":[20, 13, 34], "vis":1}, {"back":65535, "front":28, "mat":0, "normal":29, "tris":[11, 12, 27], "vis":1}, {"back":65535, "front":29, "mat":0, "normal":11, "tris":[15, 20, 34], "vis":1}, {"back":65535, "front":30, "mat":0, "normal":11, "tris":[21, 15, 22], "vis":1}, {"back":65535, "front":31, "mat":0, "normal":34, "tris":[11, 27, 34], "vis":1}, {"back":65535, "front":32, "mat":0,