{"bounds":{"max":[0.8540016784924086, 0.10399023422598612, 0.8540016784924086], "min":[-0.8539864194705119, -0.10397497520408938, -0.8539864194705119]}, "center":[0.0, 0.0, 0.0], "colors":["marker(0)"], "normals":[[0.5616235599298085, -0.7938353551537347, 0.23321889066910811], [0.5616235599298085, 0.7938506141756313, 0.23321889066910811], [0.561547264820325, 0.7937285420004577, 0.23384451056687267], [0.561547264820325, -0.7937132829785611, 0.23384451056687267], [0.5642175936522469, -0.7914854657816434, -0.23494316014343486], [0.5618677042801556, -0.794171053635462, -0.23146410315098798], [0.5635919737544823, -0.7922026398107881, -0.23401235980773627], [0.5642175936522469, 0.7915007248035401, -0.23494316014343486], [0.5618677042801556, 0.7941863126573586, -0.23146410315098798], [0.5635919737544823, 0.7922178988326848, -0.23401235980773627], [0.5646601052872511, -0.7918516823071641, 0.23263904783703365], [0.5646601052872511, 0.7918669413290608, 0.23263904783703365], [0.5656519417105363, 0.7910276951247425, 0.23305104142824445], [0.5656519417105363, -0.7910124361028458, 0.23305104142824445], [0.7105210955977722, 0.7036850537880522, 0.0], [0.7105210955977722, -0.7036697947661554, 0.0], [0.23305104142824445, -0.7910124361028458, -0.5656366826886396], [0.23305104142824445, 0.7910276951247425, -0.5656366826886396], [0.2349584191653315, -0.7914854657816434, 0.5642175936522469], [0.2349584191653315, 0.7915007248035401, 0.5642175936522469], [0.0, 1.0, 0.0], [0.0, -1.0, 0.0], [0.23384451056687267, -0.7937132829785611, -0.5615320057984283], [0.23384451056687267, 0.7937285420004577, -0.5615320057984283], [0.23147936217288473, -0.794171053635462, 0.5618677042801556], [0.23147936217288473, 0.7941863126573586, 0.5618677042801556], [-0.23146410315098798, -0.794171053635462, -0.561852445258259], [-0.23146410315098798, 0.7941863126573586, -0.561852445258259], [-0.23320363164721136, 0.7938506141756313, 0.5616235599298085], [-0.23320363164721136, -0.7938353551537347, 0.5616235599298085], [-0.23401235980773627, -0.7922026398107881, -0.5635767147325856], [-0.23401235980773627, 0.7922178988326848, -0.5635767147325856], [-0.2326237888151369, -0.7918516823071641, 0.5646601052872511], [-0.2326237888151369, 0.7918669413290608, 0.5646601052872511], [0.0, 0.7036850537880522, -0.7105058365758754], [0.0, -0.7036697947661554, -0.7105058365758754], [0.0, 0.7036850537880522, 0.7105210955977722], [0.0, -0.7036697947661554, 0.7105210955977722], [0.23263904783703365, -0.7918516823071641, -0.5646448462653544], [0.23263904783703365, 0.7918669413290608, -0.5646448462653544], [0.23402761882963302, 0.7922178988326848, 0.5635919737544823], [0.23402761882963302, -0.7922026398107881, 0.5635919737544823], [0.23321889066910811, 0.7938506141756313, -0.5616083009079118], [0.23321889066910811, -0.7938353551537347, -0.5616083009079118], [-0.2338292515449759, -0.7937132829785611, 0.561547264820325], [-0.2338292515449759, 0.7937285420004577, 0.561547264820325], [-0.23494316014343486, -0.7914854657816434, -0.5642023346303502], [-0.23494316014343486, 0.7915007248035401, -0.5642023346303502], [-0.2330357824063477, 0.7910276951247425, 0.5656519417105363], [-0.2330357824063477, -0.7910124361028458, 0.5656519417105363], [-0.7105058365758754, 0.7036850537880522, 0.0], [-0.7105058365758754, -0.7036697947661554, 0.0], [-0.5656366826886396, 0.7910276951247425, -0.2330357824063477], [-0.5646448462653544, 0.7918669413290608, -0.2326237888151369], [-0.5646448462653544, -0.7918516823071641, -0.2326237888151369], [-0.5656366826886396, -0.7910124361028458, -0.2330357824063477], [-0.561852445258259, 0.7941863126573586, 0.23147936217288473], [-0.5635767147325856, 0.7922178988326848, 0.23402761882963302], [-0.561852445258259, -0.794171053635462, 0.23147936217288473], [-0.5642023346303502, 0.7915007248035401, 0.2349584191653315], [-0.5642023346303502, -0.7914854657816434, 0.2349584191653315], [-0.5635767147325856, -0.7922026398107881, 0.23402761882963302], [-0.5615320057984283, 0.7937285420004577, -0.2338292515449759], [-0.5615320057984283, -0.7937132829785611, -0.2338292515449759], [-0.5616083009079118, -0.7938353551537347, -0.23320363164721136], [-0.5616083009079118, 0.7938506141756313, -0.23320363164721136]], "points":[[-0.8539864194705119, 0.0, 0.3539940489814603], [-0.7069810025177385, 0.0, 0.0], [-0.7069810025177385, -0.10397497520408938, -0.35397878995956356], [-0.7069810025177385, 0.10399023422598612, -0.35397878995956356], [-0.6039826047150378, 0.10399023422598612, 0.6039978637369344], [-0.7069810025177385, 0.10399023422598612, 0.3539940489814603], [-0.6039826047150378, 0.10399023422598612, -0.10397497520408938], [-0.8539864194705119, 0.0, -0.35397878995956356], [-0.6039826047150378, -0.10397497520408938, 0.6039978637369344], [-0.6039826047150378, -0.10397497520408938, -0.10397497520408938], [-0.6039826047150378, 0.10399023422598612, 0.10399023422598612], [-0.6039826047150378, -0.10397497520408938, 0.10399023422598612], [-0.6039826047150378, 0.10399023422598612, -0.6039826047150378], [-0.35397878995956356, -0.10397497520408938, 0.7069962615396354], [-0.6039826047150378, -0.10397497520408938, -0.6039826047150378], [-0.35397878995956356, 0.10399023422598612, 0.7069962615396354], [-0.35397878995956356, 0.0, -0.8539864194705119], [-0.35397878995956356, -0.10397497520408938, -0.7069810025177385], [-0.10397497520408938, -0.10397497520408938, -0.6039826047150378], [-0.10397497520408938, 0.10399023422598612, -0.6039826047150378], [-0.35397878995956356, 0.0, 0.8540016784924086], [-0.7069810025177385, -0.10397497520408938, 0.3539940489814603], [0.10399023422598612, -0.10397497520408938, -0.6039826047150378], [-0.10397497520408938, 0.10399023422598612, 0.6039978637369344], [-0.10397497520408938, -0.10397497520408938, 0.6039978637369344], [0.10399023422598612, -0.10397497520408938, 0.6039978637369344], [0.0, 0.0, 0.7069962615396354], [0.0, 0.0, -0.7069810025177385], [0.6039978637369344, -0.10397497520408938, -0.10397497520408938], [0.6039978637369344, 0.10399023422598612, -0.10397497520408938], [0.6039978637369344, -0.10397497520408938, -0.6039826047150378], [0.3539940489814603, 0.10399023422598612, -0.7069810025177385], [0.10399023422598612, 0.10399023422598612, 0.6039978637369344], [0.10399023422598612, 0.10399023422598612, -0.6039826047150378], [0.3539940489814603, 0.0, 0.8540016784924086], [0.7069962615396354, -0.10397497520408938, -0.35397878995956356], [0.7069962615396354, 0.10399023422598612, -0.35397878995956356], [0.3539940489814603, -0.10397497520408938, -0.7069810025177385], [0.3539940489814603, 0.0, -0.8539864194705119], [0.6039978637369344, -0.10397497520408938, 0.10399023422598612], [0.3539940489814603, -0.10397497520408938, 0.7069962615396354], [0.7069962615396354, -0.10397497520408938, 0.3539940489814603], [0.7069962615396354, 0.10399023422598612, 0.3539940489814603], [0.6039978637369344, 0.10399023422598612, 0.6039978637369344], [0.6039978637369344, -0.10397497520408938, 0.6039978637369344], [0.6039978637369344, 0.10399023422598612, -0.6039826047150378], [0.7069962615396354, 0.0, 0.0], [0.8540016784924086, 0.0, 0.3539940489814603], [0.6039978637369344, 0.10399023422598612, 0.10399023422598612], [0.8540016784924086, 0.0, -0.35397878995956356], [-0.7069810025177385, 0.0, 0.7069962615396354], [-0.7069810025177385, 0.0, -0.7069810025177385], [-0.35397878995956356, 0.10399023422598612, -0.7069810025177385], [0.3539940489814603, 0.10399023422598612, 0.7069962615396354], [0.7069962615396354, 0.0, 0.7069962615396354], [0.7069962615396354, 0.0, -0.7069810025177385], [0.35301747158007174, -0.10397497520408938, 0.7065995269703212], [0.7065995269703212, 0.10399023422598612, -0.353002212558175], [-0.353002212558175, 0.10399023422598612, -0.7065842679484244], [-0.7675593194476233, 0.06114290074006256, 0.3539940489814603], [-0.7498741130693523, 0.043305104142824444, -0.2498664835584039], [-0.7675593194476233, 0.06114290074006256, -0.35397878995956356]], "polys":[{"back":65535, "color":0, "front":1, "normal":4,