{"bounds":{"max":[2.5199969481956206, 1.8, 0.0], "min":[-1.8299839780270084, 0.0, -0.7699855039291982]}, "center":[0.3765621423666743, 0.03476005188067445, 0.0], "colors":["marker(0)"], "normals":[[0.703089951934081, -0.5825436789501792, 0.40778210116731517], [0.3035477225909819, -0.7805600061036088, 0.5464103150988021], [0.0, 0.0, -1.0], [0.6683756771190966, -0.43442435339894714, 0.603768978408484], [0.4183108262760357, -0.7006637674525062, 0.577981231403067], [0.781704432745861, -0.3306935225452049, 0.5287556267643244], [-0.35056076905470357, -0.9114976729991607, 0.2150148775463493], [0.0, -0.7070878156710154, 0.7071030746929122], [-0.7987335011825742, -0.29182879377431903, 0.5261463340199893], [0.2892957961394675, -0.4917982757305257, 0.8212405584802014], [0.9756160830090791, -0.2032349126420997, -0.0829022659647517], [-0.8223849851224536, -0.26314183260852975, 0.5044022278171969], [-0.8512703135729, -0.05209430075532162, 0.5221179522392615], [0.0, 0.0, 1.0], [0.7635461966887922, -0.5911192492561227, 0.25992217898832687], [0.9490043488212405, -0.3121538109407187, 0.0443579766536965], [0.6821087968261235, -0.46002899214160375, 0.5684138246738384], [0.9980773632410163, -0.04100099183642325, -0.0466773479819943], [-0.16591134508278016, -0.37924773022049285, 0.9102922102693217], [0.12118715190356298, -0.5857328145265888, 0.8013885709925994], [-0.6661936369878692, -0.25850308995193405, 0.699519340810254], [-0.4064698252841993, -0.5134355687800412, 0.7557335774776837], [-0.8022888532845045, -0.13369954985885402, 0.5817502098115511], [-0.6417486839093614, -0.27710383764400703, 0.7150835431448844], [-0.4770275425345235, -0.4531624322880904, 0.7530327306019684], [-0.605279621576257, -0.12521553368429084, 0.7860990310521095], [0.9416037232013428, -0.33081559472037847, 0.06276035706111238], [0.971801327534905, -0.12860303654535743, -0.1976653696498054], [0.7304493781948577, -0.5478141451132983, 0.40782787823300526], [-0.539787899595636, -0.22490272373540854, 0.8112001220721752], [0.1130083161669337, -0.6458075837338826, 0.7550774395361257], [0.0, -1.0, 0.0], [-0.4467689021133745, -0.28592355230029753, 0.8477149614709697], [-0.4134279392690928, -0.4961165789272908, 0.7635004196231021], [-0.5174792095826657, -0.21699855039291982, 0.8277103837644006], [-0.4964217593652247, -0.2873884184023804, 0.8191195544365606], [-0.5550011444266423, -0.1830167086289769, 0.8114442664225223], [-0.6222323949034867, -0.12726024261844815, 0.7724116884107729], [-0.4686808575570306, -0.39056992446784156, 0.7923247119859617]], "points":[[-1.8299839780270084, 0.0, 0.0], [-1.539986266880293, 0.0, -0.49999237048905165], [-0.6299839780270085, 0.0, 0.0], [-1.539986266880293, 0.3499961852445258, 0.0], [-1.2799877927824825, 0.7500114442664225, 0.0], [-0.8699931334401465, 0.7500114442664225, 0.0], [-1.0599832150759136, 1.2699931334401464, 0.0], [-1.089982452124819, 0.0, -0.7499961852445258], [-0.3899900816357671, 0.3100022888532845, 0.0], [-0.4699778744182498, 0.0, -0.4699778744182498], [-0.13998626688029292, 1.0699931334401465, 0.0], [0.04998855573357748, 1.7300068665598536, 0.0], [0.14999618524452582, 1.1299916075379568, 0.0], [0.3400015259021897, 0.6899977111467155, 0.0], [-0.10997177080949117, 1.8, 0.0], [0.7199969481956207, 0.2899977111467155, 0.0], [-0.2199740596627756, 0.0, -0.7699855039291982], [0.7800106813153277, 0.0, 0.0], [1.1299916075379568, 1.420004577706569, 0.0], [1.0399938963912414, 0.7400015259021897, 0.0], [1.2800030518043792, 1.0599984740978103, 0.0], [1.8100099183642329, 0.0, 0.0], [1.4399938963912413, 0.8100099183642329, 0.0], [1.7000076295109483, 0.18999008163576714, 0.0], [1.8100099183642329, 0.0, -0.41998931868467226], [1.8700083924620432, 1.6800030518043794, 0.0], [2.5199969481956206, 0.0, 0.0], [2.2699931334401464, 0.29999237048905164, 0.0], [2.179995422293431, 0.7400015259021897, 0.0], [-0.719981689173724, 1.4699931334401466, 0.0], [0.820004577706569, 0.0, -0.5999847409781033], [1.8299992370489053, 0.7199969481956207, 0.0]], "polys":[{"back":65535, "color":0, "front":1, "normal":2, "tris":[0, 2, 3], "vis":3}, {"back":65535, "color":0, "front":2, "normal":2, "tris":[5, 4, 3], "vis":3}, {"back":5, "color":0, "front":3, "normal":6, "tris":[3, 2, 7], "vis":3}, {"back":65535, "color":0, "front":4, "normal":0, "tris":[3, 1, 0], "vis":3}, {"back":65535, "color":0, "front":65535, "normal":1, "tris":[7, 1, 3], "vis":3}, {"back":65535, "color":0, "front":6, "normal":2, "tris":[5, 6, 4], "vis":3}, {"back":65535, "color":0, "front":7, "normal":2, "tris":[5, 3, 2], "vis":3}, {"back":65535, "color":0, "front":8, "normal":9, "tris":[29, 7, 6], "vis":3}, {"back":57, "color":0, "front":9, "normal":10, "tris":[29, 7, 5], "vis":3}, {"back":10, "color":0, "front":65535, "normal":11, "tris":[5, 2, 7], "vis":3}, {"back":12, "color":0, "front":11, "normal":12, "tris":[29, 2, 7], "vis":3}, {"back":65535, "color":0, "front":65535, "normal":13, "tris":[29, 2, 5], "vis":3}, {"back":65535, "color":0, "front":13, "normal":2, "tris":[15, 8, 2], "vis":3}, {"back":65535, "color":0, "front":14, "normal":2, "tris":[13, 10, 8], "vis":3}, {"back":65535, "color":0, "front":15, "normal":2, "tris":[12, 14, 10], "vis":3}, {"back":65535, "color":0, "front":16, "normal":2, "tris":[14, 12, 11], "vis":3}, {"back":65535, "color":0, "front":17, "normal":2, "tris":[13, 12, 10], "vis":3}, {"back":65535, "color":0, "front":18, "normal":2, "tris":[15, 13, 8], "vis":3}, {"back":65535, "color":0, "front":19, "normal":2, "tris":[15, 2, 17], "vis":3}, {"back":54, "color":0, "front":20, "normal":17, "tris":[14, 16, 10], "vis":3}, {"back":23, "color":0, "front":21, "normal":23, "tris":[16, 12, 13], "vis":3}, {"back":65535, "color":0, "front":22, "normal":19, "tris":[12, 16, 10], "vis":3}, {"back":65535, "color":0, "front":65535, "normal":21, "tris":[13, 16, 10], "vis":3}, {"back":24, "color":0, "front":65535, "normal":20, "tris":[14, 12, 16], "vis":3}, {"back":26, "color":0, "front":25, "normal":22, "tris":[16, 11, 12], "vis":3}, {"back":65535, "color":0, "front":65535, "normal":18, "tris":[16, 14, 11], "vis":3}, {"back":28, "color":0, "front":27, "normal":25, "tris":[17, 16, 15], "vis":3}, {"back":65535, "color":0, "front":65535, "normal":24, "tris":[16, 13, 15], "vis":3}, {"back":65535, "color":0, "front":29, "normal":2, "tris":[17, 19, 15], "vis":3}, {"back":51, "color":0, "front":30, "normal":28, "tris":[30, 19, 20], "vis":3}, {"back":65535, "color":0, "front":31, "normal":2, "tris":[21, 15, 17], "vis":3}, {"back":33, "color":0, "front":32, "normal":31, "tris":[30, 17, 21], "vis":3}, {"back":65535, "color":0, "front":65535, "normal":31, "tris":[26, 24, 21], "vis":3}, {"back":65535, "color":0, "front":34, "normal":2, "tris":[23, 19, 15], "vis":3}, {"back":65535, "color":0, "front":35, "normal":2, "tris":[20, 19, 22], "vis":3}, {"back":65535, "color":0, "front":36, "normal":2, "tris":[23, 22, 19], "vis":3}, {"back":65535, "color":0, "front":37, "normal":2, "tris":[21, 23, 15], "vis":3}, {"back":65535, "color":0, "front":38, "normal":26, "tris":[30, 17, 19], "vis":3}, {"back":42, "color":0, "front":39, "normal":34, "tris":[23, 30, 22], "vis":3}, {"back":41, "color":0, "front":40, "normal":30, "tris":[30, 19, 22], "vis":3}, {"back":65535, "color":0, "front":65535, "normal":33, "tris":[23, 30, 19], "vis":3}, {"back":65535, "color":0, "front":65535, "normal":32, "tris":[30, 20, 22], "vis":3}, {"back":43, "color":0, "front":65535, "normal":35, "tris":[30, 23, 21], "vis":3}, {"back":65535, "color":0, "front":44, "normal":2, "tris":[27, 31, 23], "vis":3}, {"back":65535, "color":0, "front":45, "normal":2, "tris":[31, 28, 25], "vis":3}, {"back":65535, "color":0, "front":46, "normal":2, "tris":[26, 23, 21], "vis":3}, {"back":65535, "color":0, "front":47, "normal":2, "tris":[31, 27, 28], "vis":3}, {"back":65535, "color":0, "front":48, "normal":2, "tris":[26, 27, 23], "vis":3}, {"back":50, "color":0, "front":49, "normal":37, "tris":[28, 27, 24], "vis":3}, {"back":65535, "color":0, "front":65535, "normal":36,