{"bounds":{"max":[0.5000076295109483, 0.4319981689173724, 0.5000076295109483], "min":[-0.49999237048905165, 0.0, -0.49999237048905165]}, "center":[0.0, 0.0, 0.0], "materials":[{"base":"marker(0)"}], "normals":[[-0.8163729304951552, 0.46923018234531166, -0.33669031815060657], [-0.8152590218966964, 0.47145799954222933, 0.336217288471809], [-0.8155642023346303, 0.4687724116884108, 0.33925383382925156], [-0.8140077821011673, 0.4719310292210269, -0.338628213931487], [-0.7033188372625315, 0.6489051651789121, -0.29025711451895936], [-0.7038529030289159, 0.6482185091935606, 0.29045548180361636], [-0.7036392767223622, 0.6491950865949493, 0.28879224841687645], [-0.338628213931487, 0.4719310292210269, 0.8139925230792706], [-0.3362325474937057, 0.47145799954222933, -0.8152590218966964], [-0.7046463721675441, 0.6479285877775234, -0.289219501029984], [-0.289219501029984, 0.6479285877775234, 0.7046311131456473], [-0.2904707408255131, 0.6482185091935606, -0.7038529030289159], [-0.33669031815060657, 0.46923018234531166, 0.8163576714732586], [0.010284580758373352, 0.9999237048905165, -0.0042267490653849086], [0.010284580758373352, 0.9999237048905165, 0.0042114900434881974], [-0.29025711451895936, 0.6489051651789121, 0.7033035782406347], [-0.33926909285114826, 0.4687724116884108, -0.8155642023346303], [-0.28880750743877315, 0.6491950865949493, -0.7036392767223622], [0.004272526131074983, 0.9999237048905165, -0.010467689021133745], [0.004272526131074983, 0.9999237048905165, 0.010452429999237012], [0.28879224841687645, 0.6491950865949493, 0.7036240177004653], [-0.004379339284351873, 0.9999237048905165, -0.010696574349584192], [-0.004379339284351873, 0.9999237048905165, 0.010681315327687457], [0.33925383382925156, 0.4687724116884108, 0.8155489433127336], [0.2902418554970626, 0.6489051651789121, -0.7033188372625315], [-0.010864423590447852, 0.9999237048905165, -0.004455634393835355], [-0.010864423590447852, 0.9999237048905165, 0.004440375371938643], [0.3366750591287099, 0.46923018234531166, -0.8163729304951552], [0.29045548180361636, 0.6482185091935606, 0.7038376440070191], [0.28920424200808725, 0.6479285877775234, -0.7046463721675441], [0.7046311131456473, 0.6479285877775234, 0.28920424200808725], [0.336217288471809, 0.47145799954222933, 0.8152437628747997], [0.3386129549095903, 0.4719310292210269, -0.8140077821011673], [0.7036240177004653, 0.6491950865949493, -0.28880750743877315], [0.7038376440070191, 0.6482185091935606, -0.2904707408255131], [0.7033035782406347, 0.6489051651789121, 0.2902418554970626], [0.8139925230792706, 0.4719310292210269, 0.3386129549095903], [0.8155489433127336, 0.4687724116884108, -0.33926909285114826], [0.8152437628747997, 0.47145799954222933, -0.3362325474937057], [0.8163576714732586, 0.46923018234531166, 0.3366750591287099]], "points":[[-0.49999237048905165, 0.0, 0.0], [-0.35397878995956356, 0.0, -0.35397878995956356], [-0.3559777218280308, 0.25099565117875944, 0.0], [-0.2519874876020447, 0.25099565117875944, 0.2520027466239414], [-0.35397878995956356, 0.0, 0.3539940489814603], [-0.24998855573357748, 0.2540016784924086, -0.24998855573357748], [-0.2519874876020447, 0.25099565117875944, -0.2519874876020447], [-0.13397421225299455, 0.4319981689173724, 0.13398947127489128], [-0.13397421225299455, 0.4319981689173724, -0.13397421225299455], [-0.18898298619058518, 0.4319981689173724, 0.0], [0.0, 0.0, -0.49999237048905165], [0.0, 0.25099565117875944, -0.3559777218280308], [0.0, 0.4319981689173724, -0.18898298619058518], [0.0, 0.25099565117875944, 0.35599298084992753], [0.0049897001602197295, 0.4299992370489052, 0.0], [0.13398947127489128, 0.4319981689173724, -0.13397421225299455], [0.0, 0.0, 0.5000076295109483], [0.2520027466239414, 0.25099565117875944, -0.2519874876020447], [0.18899824521248187, 0.4319981689173724, 0.0], [0.3539940489814603, 0.0, -0.35397878995956356], [0.13398947127489128, 0.4319981689173724, 0.13398947127489128], [0.2520027466239414, 0.25099565117875944, 0.2520027466239414], [0.2500038147554742, 0.2540016784924086, 0.2500038147554742], [0.35599298084992753, 0.25099565117875944, 0.0], [0.3539940489814603, 0.0, 0.3539940489814603], [0.5000076295109483, 0.0, 0.0], [-0.35397878995956356, 0.25018692301823453, -0.0052948805981536395], [-0.35619134813458453, 0.25015640497444114, 0.0], [-0.25465781643396657, 0.2540016784924086, -0.23875791561760895], [-0.24998855573357748, 0.2540016784924086, 0.2500038147554742], [0.0, 0.2540016784924086, -0.35397878995956356], [-0.0005645838101777656, 0.25180437933928435, -0.3550011444266422], [-0.249912260624094, 0.254184786755169, -0.249912260624094], [0.0, 0.25178912031738765, -0.35524528877698935], [0.005310139620050355, 0.25018692301823453, -0.35397878995956356], [0.0, 0.25015640497444114, -0.35619134813458453], [0.2500038147554742, 0.2540016784924086, -0.24998855573357748], [0.23877317463950562, 0.2540016784924086, -0.25465781643396657], [0.3539940489814603, 0.2540016784924086, 0.0], [0.35501640344853896, 0.25180437933928435, -0.0005645838101777656], [0.3552605477988861, 0.25178912031738765, 0.0], [0.2499275196459907, 0.254184786755169, -0.249912260624094], [0.0, 0.4319981689173724, 0.18899824521248187], [0.3539940489814603, 0.25018692301823453, 0.005310139620050355], [0.25467307545586326, 0.2540016784924086, 0.23877317463950562], [0.3562066071564813, 0.25015640497444114, 0.0], [-0.2504005493247883, 0.25214007782101167, 0.2516060120546273], [-0.2506599526970321, 0.25099565117875944, 0.25253681239032577], [0.13830777447165638, 0.2540016784924086, 0.2964522774090181], [0.0, 0.25178912031738765, 0.3552605477988861], [-0.0030518043793392735, 0.25178912031738765, 0.3539940489814603], [-0.2325780117494468, 0.2540016784924086, 0.25723659113450825], [0.000579842832074464, 0.25180437933928435, 0.35501640344853896], [0.2499275196459907, 0.254184786755169, 0.2499275196459907], [0.2506752117189288, 0.25099565117875944, 0.25253681239032577], [0.0009155413138017853, 0.2540016784924086, 0.3536125734340429], [-0.249912260624094, 0.254184786755169, 0.2499275196459907], [-0.13473716334782937, 0.4308232242313268, 0.1347524223697261], [0.0, 0.2540016784924086, 0.3539940489814603], [0.3539940489814603, 0.25348287174792095, 0.0007019150072480354], [0.3536125734340429, 0.2540016784924086, 0.0009155413138017853], [0.25090409704737926, 0.2541390096894789, 0.24762340733958954], [0.35585564965285726, 0.25099565117875944, 0.00032043945983062486], [0.25253681239032577, 0.25099565117875944, -0.2506599526970321], [0.2520943007553216, 0.25099565117875944, -0.25172808422980086], [0.2516060120546273, 0.2515907530327306, -0.2515907530327306], [0.0007019150072480354, 0.25348287174792095, -0.35397878995956356], [0.2511635004196231, 0.2515907530327306, -0.25177386129549095], [0.0030670634012359807, 0.25178912031738765, -0.35397878995956356], [0.0009155413138017853, 0.2540016784924086, -0.35359731441214615], [0.00032043945983062486, 0.25099565117875944, -0.3558403906309605], [-0.2506599526970321, 0.25099565117875944, -0.2525215533684291], [-0.2578469520103761, 0.2540016784924086, 0.23108262760357062], [-0.3549553673609521, 0.25180437933928435, 0.000686655985351339], [-0.25172808422980086, 0.25099565117875944, -0.2520790417334249], [-0.2515907530327306, 0.2515907530327306, -0.2515907530327306], [-0.35397878995956356, 0.25348287174792095, -0.0006866559853513365], [-0.35524528877698935, 0.25178912031738765, 0.0], [-0.35359731441214615, 0.2540016784924086, -0.0009002822919050857], [-0.25088883802548256, 0.2541390096894789, -0.24760814831769284], [-0.25177386129549095, 0.2515907530327306, -0.2511482413977264], [-0.35397878995956356, 0.2540016784924086, 0.0]], "polys":[{"back":75, "front":1, "mat":0, "normal":5, "tris":[2, 3, 7], "vis":1}, {"back":65535, "front":2, "mat":0, "normal":6, "tris":[9, 2, 7], "vis":1}, {"back":69, "front":3, "mat":0, "normal":9, "tris":[8, 6, 9], "vis":1}, {"back":68, "front":4, "mat":0, "normal":0, "tris":[26, 1, 0, 0, 27, 26], "vis":1}, {"back":67, "front":5, "mat":0, "normal":3, "tris":[28, 5, 1, 1, 26, 28],