{"bounds":{"max":[0.3333028152895399, 0.3333028152895399, 0.3333028152895399], "min":[-0.3332875562676433, -0.3332875562676433, -0.3332875562676433]}, "center":[0.0, 0.0, 0.0], "materials":[{"base":"marker(0)"}], "normals":[[0.0, 0.5257343404287785, 0.8506294346532387], [0.0, 0.5257190814068818, 0.8506446936751354], [0.0, 0.5257038223849851, 0.8506446936751354], [-1.5259021896696422e-05, 0.5257190814068818, 0.8506446936751354], [0.0, -0.5257495994506752, 0.8506294346532387], [-1.5259021896696422e-05, -0.5257343404287785, 0.8506446936751354], [0.0, -0.5257190814068818, 0.8506446936751354], [0.0, -0.5257343404287785, 0.8506446936751354], [0.0, -0.5257495994506752, -0.8506446936751354], [0.0, -0.5257343404287785, -0.8506599526970321], [0.0, -0.5257190814068818, -0.8506599526970321], [-1.5259021896696422e-05, -0.5257343404287785, -0.8506599526970321], [0.0, 0.5257343404287785, -0.8506446936751354], [-1.5259021896696422e-05, 0.5257190814068818, -0.8506599526970321], [0.0, 0.5257038223849851, -0.8506599526970321], [0.0, 0.5257190814068818, -0.8506599526970321], [0.5257343404287785, 0.8506294346532387, 0.0], [0.5257190814068818, 0.8506446936751354, -1.5259021896696422e-05], [0.5257038223849851, 0.8506446936751354, 0.0], [0.5257190814068818, 0.8506446936751354, 0.0], [-0.5257495994506752, 0.8506294346532387, 0.0], [-0.5257343404287785, 0.8506446936751354, 0.0], [-0.5257190814068818, 0.8506446936751354, 0.0], [-0.5257343404287785, 0.8506446936751354, -1.5259021896696422e-05], [-0.5257495994506752, -0.8506446936751354, 0.0], [-0.5257343404287785, -0.8506599526970321, -1.5259021896696422e-05], [-0.5257190814068818, -0.8506599526970321, 0.0], [-0.5257343404287785, -0.8506599526970321, 0.0], [0.5257343404287785, -0.8506446936751354, 0.0], [0.5257190814068818, -0.8506599526970321, 0.0], [0.5257038223849851, -0.8506599526970321, 0.0], [0.5257190814068818, -0.8506599526970321, -1.5259021896696422e-05], [0.8506294346532387, 0.0, 0.5257343404287785], [0.8506446936751354, 0.0, 0.5257190814068818], [0.8506446936751354, 0.0, 0.5257038223849851], [0.8506446936751354, -1.5259021896696422e-05, 0.5257190814068818], [0.8506294346532387, 0.0, -0.5257495994506752], [0.8506446936751354, -1.5259021896696422e-05, -0.5257343404287785], [0.8506446936751354, 0.0, -0.5257190814068818], [0.8506446936751354, 0.0, -0.5257343404287785], [-0.8506446936751354, 0.0, -0.5257495994506752], [-0.8506599526970321, 0.0, -0.5257343404287785], [-0.8506599526970321, 0.0, -0.5257190814068818], [-0.8506599526970321, -1.5259021896696422e-05, -0.5257343404287785], [-0.8506446936751354, 0.0, 0.5257343404287785], [-0.8506599526970321, -1.5259021896696422e-05, 0.5257190814068818], [-0.8506599526970321, 0.0, 0.5257038223849851], [-0.8506599526970321, 0.0, 0.5257190814068818]], "points":[[0.12730601968413824, 0.0, 0.3333028152895399], [-0.12729076066224154, 0.0, 0.3333028152895399], [-0.20596627756160835, 0.205981536583505, 0.205981536583505], [0.0, 0.3333028152895399, 0.12730601968413824], [0.205981536583505, 0.205981536583505, 0.205981536583505], [0.205981536583505, -0.20596627756160835, 0.205981536583505], [0.0, -0.3332875562676433, 0.12730601968413824], [-0.20596627756160835, -0.20596627756160835, 0.205981536583505], [0.12730601968413824, 0.0, -0.3332875562676433], [-0.12729076066224154, 0.0, -0.3332875562676433], [-0.20596627756160835, -0.20596627756160835, -0.20596627756160835], [0.0, -0.3332875562676433, -0.12729076066224154], [0.205981536583505, -0.20596627756160835, -0.20596627756160835], [0.205981536583505, 0.205981536583505, -0.20596627756160835], [0.0, 0.3333028152895399, -0.12729076066224154], [-0.20596627756160835, 0.205981536583505, -0.20596627756160835], [0.14905012588693065, 0.24116884107728695, 0.0], [0.3333028152895399, 0.12730601968413824, 0.0], [-0.14903486686503398, 0.24116884107728695, 0.0], [-0.3332875562676433, 0.12730601968413824, 0.0], [-0.14903486686503398, -0.24115358205539028, 0.0], [-0.3332875562676433, -0.12729076066224154, 0.0], [0.14905012588693065, -0.24115358205539028, 0.0], [0.3333028152895399, -0.12729076066224154, 0.0], [0.0, 0.14905012588693065, 0.24116884107728695], [0.0, -0.14903486686503398, 0.24116884107728695], [0.0, -0.14903486686503398, -0.24115358205539028], [0.0, 0.14905012588693065, -0.24115358205539028], [0.24116884107728695, 0.0, 0.14905012588693065], [0.24116884107728695, 0.0, -0.14903486686503398], [-0.24115358205539028, 0.0, -0.14903486686503398], [-0.24115358205539028, 0.0, 0.14905012588693065]], "polys":[{"back":65535, "front":1, "mat":0, "normal":0, "tris":[1, 0, 24], "vis":1}, {"back":65535, "front":2, "mat":0, "normal":1, "tris":[2, 1, 24], "vis":1}, {"back":65535, "front":3, "mat":0, "normal":2, "tris":[3, 2, 24], "vis":1}, {"back":65535, "front":4, "mat":0, "normal":2, "tris":[4, 3, 24], "vis":1}, {"back":65535, "front":5, "mat":0, "normal":3, "tris":[0, 4, 24], "vis":1}, {"back":65535, "front":6, "mat":0, "normal":4, "tris":[0, 1, 25], "vis":1}, {"back":65535, "front":7, "mat":0, "normal":5, "tris":[5, 0, 25], "vis":1}, {"back":65535, "front":8, "mat":0, "normal":6, "tris":[6, 5, 25], "vis":1}, {"back":65535, "front":9, "mat":0, "normal":6, "tris":[7, 6, 25], "vis":1}, {"back":65535, "front":10, "mat":0, "normal":7, "tris":[1, 7, 25], "vis":1}, {"back":65535, "front":11, "mat":0, "normal":8, "tris":[9, 8, 26], "vis":1}, {"back":65535, "front":12, "mat":0, "normal":9, "tris":[10, 9, 26], "vis":1}, {"back":65535, "front":13, "mat":0, "normal":10, "tris":[11, 10, 26], "vis":1}, {"back":65535, "front":14, "mat":0, "normal":10, "tris":[12, 11, 26], "vis":1}, {"back":65535, "front":15, "mat":0, "normal":11, "tris":[8, 12, 26], "vis":1}, {"back":65535, "front":16, "mat":0, "normal":12, "tris":[8, 9, 27], "vis":1}, {"back":65535, "front":17, "mat":0, "normal":13, "tris":[13, 8, 27], "vis":1}, {"back":65535, "front":18, "mat":0, "normal":14, "tris":[14, 13, 27], "vis":1}, {"back":65535, "front":19, "mat":0, "normal":14, "tris":[15, 14, 27], "vis":1}, {"back":65535, "front":20, "mat":0, "normal":15, "tris":[9, 15, 27], "vis":1}, {"back":65535, "front":21, "mat":0, "normal":16, "tris":[3, 16, 14], "vis":1}, {"back":65535, "front":22, "mat":0, "normal":17, "tris":[16, 3, 4], "vis":1}, {"back":65535, "front":23, "mat":0, "normal":18, "tris":[16, 4, 17], "vis":1}, {"back":65535, "front":24, "mat":0, "normal":18, "tris":[13, 16, 17], "vis":1}, {"back":65535, "front":25, "mat":0, "normal":19, "tris":[16, 13, 14], "vis":1}, {"back":65535, "front":26, "mat":0, "normal":20, "tris":[18, 3, 14], "vis":1}, {"back":65535, "front":27, "mat":0, "normal":21, "tris":[18, 14, 15], "vis":1}, {"back":65535, "front":28, "mat":0, "normal":22, "tris":[18, 15, 19], "vis":1}, {"back":65535, "front":29, "mat":0, "normal":22, "tris":[2, 18, 19], "vis":1}, {"back":65535, "front":30, "mat":0, "normal":23, "tris":[18, 2, 3], "vis":1}, {"back":65535, "front":31, "mat":0, "normal":24, "tris":[6, 20, 11], "vis":1}, {"back":65535, "front":32, "mat":0, "normal":25, "tris":[20, 6, 7], "vis":1}, {"back":65535, "front":33, "mat":0, "normal":26, "tris":[20, 7, 21], "vis":1}, {"back":65535, "front":34, "mat":0, "normal":26, "tris":[10, 20, 21], "vis":1}, {"back":65535, "front":35, "mat":0, "normal":27, "tris":[20, 10, 11], "vis":1}, {"back":65535, "front":36, "mat":0, "normal":28, "tris":[22, 6, 11], "vis":1}, {"back":65535, "front":37, "mat":0, "normal":29, "tris":[22, 11, 12], "vis":1}, {"back":65535, "front":38, "mat":0, "normal":30, "tris":[22, 12, 23], "vis":1}, {"back":65535, "front":39, "mat":0, "normal":30, "tris":[5, 22, 23], "vis":1}, {"back":65535, "front":40, "mat":0, "normal":31, "tris":[22, 5, 6], "vis":1}, {"back":65535, "front":41, "mat":0, "normal":32, "tris":[23, 17, 28], "vis":1}, {"back":65535, "front":42, "mat":0, "normal":33, "tris":[5, 23, 28], "vis":1}, {"back":65535, "front":43, "mat":0, "normal":34, "tris":[0, 5, 28], "vis":1}, {"back":65535, "front":44, "mat":0, "normal":34, "tris":[4, 0, 28], "vis":1}, {"back":65535, "front":45, "mat":0, "normal":35,