{"bounds":{"max":[0.9420004577706569, 0.9600061036087587, 0.9370107576104372], "min":[-0.9419851987487602, 0.0, -0.9899900816357672]}, "center":[0.009536888685435264, 0.5144884412909132, -0.01773098344396129], "colors":["marker(0)"], "normals":[[-0.9108110170138094, -0.28834973678187226, -0.2953536278324559], [-0.5569695582513161, -0.8106355382619974, -0.18060578316929887], [-0.5579766536964981, -0.8096894789044022, -0.1817349507896544], [-0.9440299076829175, -0.12224002441443504, 0.3063553826199741], [-0.6546120393682765, -0.7254901960784313, 0.21243610284580758], [-0.5633478294041352, -0.2876783398184176, 0.7745021744106203], [-0.34482337682154574, -0.8101319905394064, 0.4740825513084611], [-0.6534981307698177, -0.7263447013046463, 0.21292439154650186], [-0.5837033646143281, -0.12166018158236058, -0.8027771419851988], [-0.40413519493400474, -0.7260547798886091, -0.5562981612878615], [-0.9491416800183108, -0.06126497291523614, -0.3087815671015488], [-0.4041809719996948, -0.726359960326543, -0.555870908674754], [-0.34512855725947966, -0.8099183642328527, 0.4742198825055314], [-0.870222018768597, -0.4031433585107195, -0.2831006332494087], [-0.8702525368123903, -0.4017395284962234, -0.28497749294270236], [-0.5884031433585107, -0.06138704509040971, 0.8062256809338522], [-0.5392690928511483, -0.4039368276493477, 0.7389181353475243], [0.0, -0.8099336232547494, -0.5864957656214237], [0.0, -0.7263752193484397, 0.6872816052491035], [-0.5400015259021897, -0.4033722438391699, 0.7387045090409705], [0.0, -0.4017547875181201, -0.9157396810864423], [0.0, -0.12141603723201344, 0.9925993743801023], [0.0, -0.06210421911955444, -0.9980621042191196], [0.0, -0.2873273823147936, -0.9578240634775311], [0.5378347447928588, -0.40199893186846725, 0.7410238803692684], [0.5397268635080491, -0.40447089341573206, 0.7383077744716564], [0.5862668802929732, -0.06193636987869078, 0.8077515831235218], [0.8694590676737621, -0.40369268329900054, -0.2847180895704585], [0.40451667048142215, -0.725459678034638, -0.5568017090104525], [0.8705882352941177, -0.4022888532845045, -0.2832227054245823], [0.9491721980621042, -0.06112764171816587, -0.3087815671015488], [0.34473182269016556, -0.809750514991989, 0.47479972533760584], [0.40410467689021135, -0.7257648584725719, -0.5567101548790723], [0.5830014496070802, -0.1224536507209888, -0.8031738765545129], [0.6544136720836194, -0.7254444190127413, 0.2132143129625391], [0.344609750514992, -0.8105897611963073, 0.47347219043259325], [0.6537880521858549, -0.726314183260853, 0.21216144045166704], [0.5627069504844739, -0.28760204470893413, 0.7750057221332113], [0.5569848172732128, -0.8104524299992371, -0.18141451132982378], [0.9440604257267109, -0.1220111390859846, 0.3063706416418708], [0.5569390402075227, -0.8104829480430304, -0.18142977035172048], [0.9105210955977722, -0.28801403830014494, -0.2966201266498817]], "points":[[-0.6219882505531396, 0.20999465934233616, -0.7069810025177385], [-0.4009765774013886, 0.0, -0.445990691996643], [-0.7069810025177385, 0.3960021362630655, -0.15898374914168], [-0.4859845883878844, 0.3960021362630655, 0.5219958800640879], [-0.8639963378347448, 0.20999465934233616, 0.37299153124284734], [-0.547981994354162, 0.0, 0.24399176012817578], [-0.2809796292057679, 0.14999618524452582, 0.31200122072175174], [-0.6469825284199282, 0.3960021362630655, -0.30098420691233696], [-0.299977111467155, 0.47800411993591213, 0.058991378652628365], [-0.06797894254978254, 0.3960021362630655, -0.7219806210421912], [-0.06297398336766613, 0.0, 0.5969939726863508], [-0.20497444113832308, 0.47800411993591213, -0.23297474631876092], [-0.17598229953459987, 0.22499427786678874, 0.03698786907759213], [-0.28497749294270236, 0.47800411993591213, 0.12298771648737315], [-0.03697261005569541, 0.47800411993591213, 0.3039902342259861], [-0.299977111467155, 0.0, -0.5199816891737239], [-0.36998550392919816, 0.3960021362630655, 0.6240024414435035], [-0.018982223239490392, 0.22499427786678874, 0.17898832684824903], [-0.08998245212481881, 0.22499427786678874, -0.15597772182803082], [-0.14798199435416193, 0.47800411993591213, -0.26698710612649734], [0.0, 0.8100099183642329, -0.9899900816357672], [0.15799191271839474, 0.47800411993591213, -0.26698710612649734], [0.028992141603723202, 0.47800411993591213, 0.30899519340810255], [0.48000305180437935, 0.20999465934233616, -0.8099946593423362], [0.20999465934233616, 0.14999618524452582, 0.3640039673456931], [0.018997482261387044, 0.22499427786678874, 0.17898832684824903], [0.27699702449073016, 0.47800411993591213, 0.12899977111467156], [0.11999694819562066, 0.22499427786678874, -0.13397421225299455], [0.04399176012817579, 0.14999618524452582, -0.41799038681620504], [0.3029983978027008, 0.47800411993591213, 0.06799420157167925], [0.20799572747386894, 0.47800411993591213, -0.22398718242160676], [0.08799877927824827, 0.20999465934233616, 0.9370107576104372], [0.08599984740978103, 0.3960021362630655, -0.7079880979629205], [0.7000076295109483, 0.3960021362630655, -0.13698023956664374], [0.06298924238956283, 0.0, 0.5969939726863508], [0.4789959563591974, 0.3960021362630655, 0.5439993896391241], [0.6310063324940871, 0.20999465934233616, -0.6779888609140154], [0.9190051117723353, 0.20999465934233616, 0.20599679560540168], [0.9420004577706569, 0.8100099183642329, -0.30598916609445337], [-0.9419851987487602, 0.8100099183642329, -0.30598916609445337], [-0.9089951934081025, 0.20999465934233616, 0.17799649042496377], [-0.586984054322118, 0.0, 0.1250019073777371], [-0.5819790951400015, 0.8100099183642329, 0.801007095445182], [-0.11198596169985509, 0.20999465934233616, 0.9200122072175173], [-0.6589913786526284, 0.9600061036087587, 0.2139925230792706], [-0.4109864957656214, 0.14999618524452582, -0.08697642481116963], [0.29999237048905164, 0.0, -0.5199816891737239], [-0.44998855573357743, 0.20999465934233616, -0.8099946593423362], [-0.40698863202868696, 0.9600061036087587, -0.5609826810101473], [-0.04397650110627904, 0.14999618524452582, -0.41799038681620504], [-0.3839780270084687, 0.14999618524452582, -0.17097734035248335], [-0.28198672465094987, 0.9600061036087587, -0.09198138399328604], [-0.11998168917372398, 0.22499427786678874, -0.13397421225299455], [0.840009155413138, 0.20999465934233616, 0.3909971770809491], [0.5479972533760586, 0.0, 0.24399176012817578], [0.5819943541618983, 0.8100099183642329, 0.801007095445182], [-0.16397344930189972, 0.22499427786678874, 0.07299916075379569], [0.3469901579308766, 0.3960021362630655, 0.6240024414435035], [-0.2099794003204395, 0.14999618524452582, 0.3640039673456931], [0.0, 0.9600061036087587, 0.6930037384603647], [-0.1749752040894179, 0.9600061036087587, 0.23999389639124133], [0.17599755855649654, 0.22499427786678874, 0.03698786907759213], [0.5869993133440147, 0.0, 0.1250019073777371], [0.4009918364232853, 0.0, -0.445990691996643], [0.665995269703212, 0.3960021362630655, -0.2869764248111696], [0.3839932860303655, 0.14999618524452582, -0.17097734035248335], [0.40700389105058365, 0.9600061036087587, -0.5609826810101473], [0.2809948882276646, 0.14999618524452582, 0.31200122072175174], [0.4110017547875181, 0.14999618524452582, -0.08697642481116963], [0.659006637674525, 0.9600061036087587, 0.2139925230792706], [0.0899977111467155, 0.22499427786678874, -0.15597772182803082], [0.0, 0.9600061036087587, -0.2969863431754025], [0.16398870832379644, 0.22499427786678874, 0.07299916075379569], [0.17499046311131455, 0.9600061036087587, 0.23999389639124133], [0.28200198367284657, 0.9600061036087587, -0.09198138399328604]], "polys":[{"back":1, "color":0, "front":65535, "normal":0, "tris":[39, 40, 0], "vis":3}, {"back":3, "color":0, "front":2, "normal":1, "tris":[40, 1, 0], "vis":3}, {"back":65535, "color":0, "front":65535, "normal":2, "tris":[40, 41, 1], "vis":3}, {"back":4, "color":0, "front":65535, "normal":5, "tris":[42, 43, 4], "vis":3}, {"back":6, "color":0, "front":5, "normal":6, "tris":[43, 5, 4], "vis":3}, {"back":65535, "color":0, "front":65535, "normal":12, "tris":[43, 10, 5], "vis":3}, {"back":7,