{"bounds":{"max":[2.5000076295109483, 2.5000076295109483, 2.3776455329213397], "min":[-2.4999923704890517, -2.4999923704890517, -2.377630273899443]}, "center":[0.0, 0.0, 0.0], "materials":[{"base":"marker(0)"}], "normals":[[0.8848554207675288, 0.3665064469367514, -0.28751049057755396], [0.36867322804608227, 0.8901045242999923, -0.2678721293965057], [-0.5468833447775998, -0.366521705958648, 0.7526970321202411], [-0.692133974212253, -0.5177538719768063, 0.5028458075837339], [0.0, 0.3665064469367514, -0.9304188601510643], [-0.14082551308461128, 0.8901045242999923, -0.4334325169756619], [0.5468680857557031, -0.366521705958648, 0.7526970321202411], [0.26434729533836876, -0.5177538719768063, 0.8136415655756466], [-0.8848706797894255, 0.3665064469367514, -0.28751049057755396], [-0.455741206988632, 0.8901045242999923, 0.0], [0.8848554207675288, -0.366521705958648, -0.28751049057755396], [0.8555123216601817, -0.5177538719768063, 0.0], [-0.5468833447775998, 0.3665064469367514, 0.7526970321202411], [-0.14082551308461128, 0.8901045242999923, 0.4334172579537652], [0.0, -0.366521705958648, -0.9304188601510643], [0.26434729533836876, -0.5177538719768063, -0.8136568245975433], [-0.8848706797894255, -0.366521705958648, -0.28751049057755396], [-0.36868848706797896, -0.890119783321889, -0.2678721293965057], [0.5468680857557031, 0.3665064469367514, 0.7526970321202411], [0.6921187151903563, 0.5177386129549095, 0.5028458075837339], [-0.8848706797894255, 0.3665064469367514, 0.28749523155565726], [-0.36868848706797896, 0.8901045242999923, 0.26785687037460904], [0.5468680857557031, -0.366521705958648, -0.7527122911421378], [0.6921187151903563, -0.5177538719768063, -0.5028610666056306], [0.0, 0.3665064469367514, 0.9304036011291676], [0.14081025406271463, 0.8901045242999923, 0.4334172579537652], [-0.5468833447775998, -0.366521705958648, -0.7527122911421378], [-0.2643625543602655, -0.5177538719768063, -0.8136568245975433], [0.8848554207675288, 0.3665064469367514, 0.28749523155565726], [0.4557259479667354, 0.8901045242999923, 0.0], [-0.8848706797894255, -0.366521705958648, 0.28749523155565726], [-0.8555275806820782, -0.5177538719768063, 0.0], [0.5468680857557031, 0.3665064469367514, -0.7527122911421378], [0.14081025406271463, 0.8901045242999923, -0.4334325169756619], [0.0, -0.366521705958648, 0.9304036011291676], [-0.2643625543602655, -0.5177538719768063, 0.8136415655756466], [0.8848554207675288, -0.366521705958648, 0.28749523155565726], [0.36867322804608227, -0.890119783321889, 0.26785687037460904], [-0.5468833447775998, 0.3665064469367514, -0.7527122911421378], [-0.692133974212253, 0.5177386129549095, -0.5028610666056306]], "points":[[1.767772945754177, 1.767772945754177, 0.0], [0.0, 2.5000076295109483, 0.0], [0.7725490196078432, 0.0, -2.377630273899443], [0.5462729839017318, 1.767772945754177, -1.6812390325780118], [-2.022522316319524, 0.0, -1.4694438086518655], [-0.7725337605859465, 0.0, -2.377630273899443], [-1.4301365682459755, 1.767772945754177, -1.039047837033646], [-2.022522316319524, 0.0, 1.4694590676737622], [-2.4999923704890517, 0.0, 0.0], [0.7725490196078432, 0.0, 2.3776455329213397], [0.5462729839017318, 1.767772945754177, 1.6812542915999085], [2.5000076295109483, 0.0, 0.0], [2.0225375753414205, 0.0, 1.4694590676737622], [1.767772945754177, -1.7677576867322804, 0.0], [0.0, -2.4999923704890517, 0.0], [0.5462729839017318, -1.7677576867322804, -1.6812390325780118], [-1.4301365682459755, -1.7677576867322804, -1.039047837033646], [0.5462729839017318, -1.7677576867322804, 1.6812542915999085], [2.0225375753414205, 0.0, -1.4694438086518655], [-1.4301365682459755, 1.767772945754177, 1.039063096055543], [-0.7725337605859465, 0.0, 2.3776455329213397], [-1.4301365682459755, -1.7677576867322804, 1.039063096055543]], "polys":[{"back":65535, "front":1, "mat":0, "normal":0, "tris":[0, 11, 18], "vis":1}, {"back":65535, "front":2, "mat":0, "normal":1, "tris":[0, 3, 1], "vis":1}, {"back":3, "front":65535, "mat":0, "normal":2, "tris":[3, 2, 18], "vis":2}, {"back":4, "front":65535, "mat":0, "normal":3, "tris":[0, 3, 18], "vis":2}, {"back":65535, "front":5, "mat":0, "normal":4, "tris":[3, 2, 5], "vis":1}, {"back":65535, "front":6, "mat":0, "normal":5, "tris":[6, 1, 3], "vis":1}, {"back":7, "front":65535, "mat":0, "normal":6, "tris":[6, 4, 5], "vis":2}, {"back":8, "front":65535, "mat":0, "normal":7, "tris":[3, 6, 5], "vis":2}, {"back":65535, "front":9, "mat":0, "normal":8, "tris":[6, 4, 8], "vis":1}, {"back":65535, "front":10, "mat":0, "normal":9, "tris":[19, 1, 6], "vis":1}, {"back":11, "front":65535, "mat":0, "normal":10, "tris":[19, 7, 8], "vis":2}, {"back":12, "front":65535, "mat":0, "normal":11, "tris":[6, 19, 8], "vis":2}, {"back":65535, "front":13, "mat":0, "normal":12, "tris":[19, 7, 20], "vis":1}, {"back":65535, "front":14, "mat":0, "normal":13, "tris":[10, 1, 19], "vis":1}, {"back":15, "front":65535, "mat":0, "normal":14, "tris":[10, 9, 20], "vis":2}, {"back":16, "front":65535, "mat":0, "normal":15, "tris":[19, 10, 20], "vis":2}, {"back":17, "front":65535, "mat":0, "normal":16, "tris":[0, 11, 12], "vis":2}, {"back":18, "front":65535, "mat":0, "normal":17, "tris":[0, 10, 1], "vis":2}, {"back":65535, "front":19, "mat":0, "normal":18, "tris":[10, 9, 12], "vis":1}, {"back":65535, "front":20, "mat":0, "normal":19, "tris":[0, 10, 12], "vis":1}, {"back":21, "front":65535, "mat":0, "normal":20, "tris":[13, 11, 18], "vis":2}, {"back":22, "front":65535, "mat":0, "normal":21, "tris":[13, 15, 14], "vis":2}, {"back":65535, "front":23, "mat":0, "normal":22, "tris":[15, 2, 18], "vis":1}, {"back":65535, "front":24, "mat":0, "normal":23, "tris":[13, 15, 18], "vis":1}, {"back":25, "front":65535, "mat":0, "normal":24, "tris":[15, 2, 5], "vis":2}, {"back":26, "front":65535, "mat":0, "normal":25, "tris":[16, 14, 15], "vis":2}, {"back":65535, "front":27, "mat":0, "normal":26, "tris":[16, 4, 5], "vis":1}, {"back":65535, "front":28, "mat":0, "normal":27, "tris":[16, 5, 15], "vis":1}, {"back":29, "front":65535, "mat":0, "normal":28, "tris":[16, 4, 8], "vis":2}, {"back":30, "front":65535, "mat":0, "normal":29, "tris":[21, 14, 16], "vis":2}, {"back":65535, "front":31, "mat":0, "normal":30, "tris":[21, 7, 8], "vis":1}, {"back":65535, "front":32, "mat":0, "normal":31, "tris":[21, 8, 16], "vis":1}, {"back":33, "front":65535, "mat":0, "normal":32, "tris":[21, 7, 20], "vis":2}, {"back":34, "front":65535, "mat":0, "normal":33, "tris":[17, 14, 21], "vis":2}, {"back":65535, "front":35, "mat":0, "normal":34, "tris":[17, 9, 20], "vis":1}, {"back":65535, "front":36, "mat":0, "normal":35, "tris":[17, 20, 21], "vis":1}, {"back":65535, "front":37, "mat":0, "normal":36, "tris":[13, 11, 12], "vis":1}, {"back":65535, "front":38, "mat":0, "normal":37, "tris":[13, 17, 14], "vis":1}, {"back":39, "front":65535, "mat":0, "normal":38, "tris":[17, 9, 12], "vis":2}, {"back":65535, "front":65535, "mat":0, "normal":39, "tris":[17, 12, 13], "vis":2}], "radius1":2.5000076295109483, "radius2":2.5000076295109483}
