{"bounds":{"max":[2.5030136568245975, 2.5030136568245975, 2.5030136568245975], "min":[-2.502998397802701, 0.0, -2.502998397802701]}, "center":[0.0, 0.0, 0.0], "colors":["marker(0)"], "normals":[[-0.9626306553749905, -0.19145494773785, -0.19145494773785], [-0.8160677500572213, -0.19145494773785, -0.5452811474784467], [-0.5452811474784467, -0.19145494773785, -0.8160677500572213], [-0.19145494773785, -0.19145494773785, -0.9626306553749905], [0.19147020675974671, -0.19145494773785, -0.9626306553749905], [0.5452964065003433, -0.19145494773785, -0.8160677500572213], [0.816083009079118, -0.19145494773785, -0.5452811474784467], [0.9626459143968872, -0.19145494773785, -0.19145494773785], [0.9626459143968872, -0.19145494773785, 0.19147020675974671], [0.816083009079118, -0.19145494773785, 0.5452964065003433], [0.5452964065003433, -0.19145494773785, 0.816083009079118], [0.19147020675974671, -0.19145494773785, 0.9626459143968872], [-0.19145494773785, -0.19145494773785, 0.9626459143968872], [-0.5452811474784467, -0.19145494773785, 0.816083009079118], [-0.8160677500572213, -0.19145494773785, 0.5452964065003433], [-0.9626306553749905, -0.19145494773785, 0.19147020675974671], [-0.8203097581445029, -0.5481040665293355, -0.16314946211947812], [-0.6954299229419394, -0.5481040665293355, -0.46466773479819945], [-0.46466773479819945, -0.5481040665293355, -0.6954299229419394], [-0.16314946211947812, -0.5481040665293355, -0.8203097581445029], [0.16316472114137484, -0.5481040665293355, -0.8203097581445029], [0.46468299382009615, -0.5481040665293355, -0.6954299229419394], [0.6954451819638361, -0.5481040665293355, -0.46466773479819945], [0.8203250171663996, -0.5481040665293355, -0.16314946211947812], [0.8203250171663996, -0.5481040665293355, 0.16316472114137484], [0.6954451819638361, -0.5481040665293355, 0.46468299382009615], [0.46468299382009615, -0.5481040665293355, 0.6954451819638361], [0.16316472114137484, -0.5481040665293355, 0.8203250171663996], [-0.16314946211947812, -0.5481040665293355, 0.8203250171663996], [-0.46466773479819945, -0.5481040665293355, 0.6954451819638361], [-0.6954299229419394, -0.5481040665293355, 0.46468299382009615], [-0.8203097581445029, -0.5481040665293355, 0.16316472114137484], [-0.5521934843976501, -0.8264286259250782, -0.1098191805905242], [-0.4681315327687495, -0.8264286259250782, -0.31277943083848325], [-0.31277943083848325, -0.8264286259250782, -0.4681315327687495], [-0.1098191805905242, -0.8264286259250782, -0.5521934843976501], [0.10983443961242084, -0.8264286259250782, -0.5521934843976501], [0.31279468986037995, -0.8264286259250782, -0.4681315327687495], [0.4681467917906462, -0.8264286259250782, -0.31277943083848325], [0.5522087434195468, -0.8264286259250782, -0.1098191805905242], [0.5522087434195468, -0.8264286259250782, 0.10983443961242084], [0.4681467917906462, -0.8264286259250782, 0.31279468986037995], [0.31279468986037995, -0.8264286259250782, 0.4681467917906462], [0.10983443961242084, -0.8264286259250782, 0.5522087434195468], [-0.1098191805905242, -0.8264286259250782, 0.5522087434195468], [-0.31277943083848325, -0.8264286259250782, 0.4681467917906462], [-0.4681315327687495, -0.8264286259250782, 0.31279468986037995], [-0.5521934843976501, -0.8264286259250782, 0.10983443961242084], [-0.19491874570840007, -0.980041199359121, -0.038757915617608885], [-0.16523994811932552, -0.980041199359121, -0.11039902342259866], [-0.11039902342259866, -0.980041199359121, -0.16523994811932552], [-0.038757915617608885, -0.980041199359121, -0.19491874570840007], [0.03877317463950561, -0.980041199359121, -0.19491874570840007], [0.1104142824444953, -0.980041199359121, -0.16523994811932552], [0.16525520714122224, -0.980041199359121, -0.11039902342259866], [0.1949340047302968, -0.980041199359121, -0.038757915617608885], [0.1949340047302968, -0.980041199359121, 0.03877317463950561], [0.16525520714122224, -0.980041199359121, 0.1104142824444953], [0.1104142824444953, -0.980041199359121, 0.16525520714122224], [0.03877317463950561, -0.980041199359121, 0.1949340047302968], [-0.038757915617608885, -0.980041199359121, 0.1949340047302968], [-0.11039902342259866, -0.980041199359121, 0.16525520714122224], [-0.16523994811932552, -0.980041199359121, 0.1104142824444953], [-0.19491874570840007, -0.980041199359121, 0.03877317463950561]], "points":[[2.1364461738002594, 0.9578698405432212, 0.884946974898909], [0.884946974898909, 0.9578698405432212, 2.1364461738002594], [0.0, 0.9578698405432212, 2.312474250400549], [-0.8849317158770122, 0.9578698405432212, 2.1364461738002594], [-2.1364309147783627, 0.9578698405432212, 0.884946974898909], [-2.3124589913786524, 0.9578698405432212, 0.0], [-2.1364309147783627, 0.9578698405432212, -0.8849317158770122], [-0.8849317158770122, 0.9578698405432212, -2.1364309147783627], [0.0, 0.9578698405432212, -2.3124589913786524], [0.884946974898909, 0.9578698405432212, -2.1364309147783627], [2.1364461738002594, 0.9578698405432212, -0.8849317158770122], [2.312474250400549, 0.9578698405432212, 0.0], [1.6351720454718852, 1.769893949797818, 0.6773174639505608], [1.6351720454718852, 0.9578698405432212, 1.6351720454718852], [1.2514991989013504, 1.769893949797818, 1.2514991989013504], [0.6773174639505608, 1.769893949797818, 1.6351720454718852], [-0.6773022049286641, 1.769893949797818, 1.6351720454718852], [-1.6351567864499885, 0.9578698405432212, 1.6351720454718852], [-1.6351567864499885, 1.769893949797818, 0.6773174639505608], [-1.6351567864499885, 1.769893949797818, -0.6773022049286641], [-1.6351567864499885, 0.9578698405432212, -1.6351567864499885], [-1.2514839398794537, 1.769893949797818, -1.2514839398794537], [-0.6773022049286641, 1.769893949797818, -1.6351567864499885], [0.6773174639505608, 1.769893949797818, -1.6351567864499885], [1.6351720454718852, 0.9578698405432212, -1.6351567864499885], [1.6351720454718852, 1.769893949797818, -0.6773022049286641], [0.9578698405432212, 2.312474250400549, 0.0], [0.6773174639505608, 2.312474250400549, 0.6773174639505608], [0.3665522240024414, 2.312474250400549, 0.884946974898909], [-0.3665369649805448, 2.312474250400549, 0.884946974898909], [-1.2514839398794537, 1.769893949797818, 1.2514991989013504], [-0.9578545815213245, 2.312474250400549, 0.0], [-0.6773022049286641, 2.312474250400549, -0.6773022049286641], [-0.3665369649805448, 2.312474250400549, -0.8849317158770122], [0.3665522240024414, 2.312474250400549, -0.8849317158770122], [1.2514991989013504, 1.769893949797818, -1.2514839398794537], [0.0, 2.5030136568245975, 0.0], [0.884946974898909, 2.312474250400549, 0.3665522240024414], [0.0, 2.312474250400549, 0.9578698405432212], [-0.6773022049286641, 2.312474250400549, 0.6773174639505608], [-0.8849317158770122, 2.312474250400549, -0.3665369649805448], [0.0, 2.312474250400549, -0.9578545815213245], [0.6773174639505608, 2.312474250400549, -0.6773022049286641], [2.312474250400549, 0.0, 0.9578698405432212], [2.5030136568245975, 0.0, 0.0], [1.769893949797818, 0.0, 1.769893949797818], [0.9578698405432212, 0.0, 2.312474250400549], [0.0, 0.0, 2.5030136568245975], [-0.9578545815213245, 0.0, 2.312474250400549], [-1.7698786907759212, 0.0, 1.769893949797818], [-2.3124589913786524, 0.0, 0.9578698405432212], [-2.502998397802701, 0.0, 0.0], [-2.3124589913786524, 0.0, -0.9578545815213245], [-1.7698786907759212, 0.0, -1.7698786907759212], [-0.9578545815213245, 0.0, -2.3124589913786524], [0.0, 0.0, -2.502998397802701], [0.9578698405432212, 0.0, -2.3124589913786524], [1.769893949797818, 0.0, -1.7698786907759212], [2.312474250400549, 0.0, -0.9578545815213245], [1.769893949797818, 1.769893949797818, 0.0], [0.0, 1.769893949797818, 1.769893949797818], [-1.7698786907759212, 1.769893949797818, 0.0], [0.0, 1.769893949797818, -1.7698786907759212], [-0.8849317158770122, 2.312474250400549, 0.3665522240024414], [0.884946974898909, 2.312474250400549, -0.3665369649805448]], "polys":[{"back":65535, "color":0, "front":1, "normal":0, "tris":[43, 44, 0, 11, 0, 44], "vis":1}, {"back":65535, "color":0, "front":2, "normal":1,