{"bounds":{"max":[2.5000076295109483, 2.497962920576791, 2.4918593118181125], "min":[-2.48369573510338, 0.0, -2.491844052796216]}, "center":[0.011398489356832226, 0.011398489356832226, -0.006408789196612474], "materials":[{"base":"marker(0)"}], "normals":[[0.9387960631723506, 0.23468375677119102, -0.2520943007553216], [0.6866254673075456, 0.2347142748149844, -0.688059815365835], [0.6946822308690013, 0.6946822308690013, -0.18654154268711376], [0.5080491340505073, 0.6947432669565881, -0.5091172655832761], [0.24200808728160528, 0.9680781261921111, -0.06498817425803007], [0.17697413595788514, 0.9680933852140078, -0.17735561150530252], [0.2506904707408255, 0.2347142748149844, -0.9391775387197681], [0.1854886701762417, 0.6947432669565881, -0.6949263752193484], [0.06460669871061264, 0.9680933852140078, -0.24208438239108873], [-0.2523689631494621, 0.2347142748149844, -0.9387350270847639], [-0.1867399099717708, 0.6947432669565881, -0.6945906767376211], [-0.06504921034561685, 0.9680933852140078, -0.24196231021591516], [-0.687861448081178, 0.2347142748149844, -0.6868390936140993], [-0.5089646753643091, 0.6947432669565881, -0.508216983291371], [-0.17729457541771573, 0.9680933852140078, -0.1770351720454719], [-0.9391012436102846, 0.2347142748149844, -0.25098039215686274], [-0.6948653391317616, 0.6947432669565881, -0.18570229648279546], [-0.24205386434729534, 0.9680933852140078, -0.06468299382009614], [-0.9388113221942473, 0.2347142748149844, 0.2520790417334249], [-0.6946364538033112, 0.6947432669565881, 0.18651102464332037], [-0.24197756923781186, 0.9680933852140078, 0.06495765621423666], [-0.6870527199206531, 0.2347142748149844, 0.6876478217746242], [-0.5083543144884413, 0.6947432669565881, 0.5087968261234455], [-0.17709620813305868, 0.9680933852140078, 0.17723353933012898], [-0.2512550545510033, 0.2347142748149844, 0.9390096894789044], [-0.1859159227893492, 0.6947432669565881, 0.6947890440222781], [-0.06475928892957962, 0.9680933852140078, 0.24202334630350197], [0.25180437933928435, 0.2347142748149844, 0.9388723582818341], [0.18631265735866331, 0.6947432669565881, 0.6946822308690013], [0.06488136110475318, 0.9680933852140078, 0.24199282825970858], [0.6874341954680705, 0.2347142748149844, 0.6872358281834134], [0.5086442359044785, 0.6947432669565881, 0.5084916456855115], [0.1771725032425422, 0.9680933852140078, 0.1771267261768521], [0.9389333943694209, 0.2347142748149844, 0.2515144579232471], [0.6947432669565881, 0.6947432669565881, 0.18609903105210956], [0.24200808728160528, 0.9680933852140078, 0.06482032501716639]], "points":[[2.5000076295109483, 0.0, 0.0], [1.894346532387274, 1.2500038147554742, -1.0917067215991456], [1.0959487296864272, 1.2500038147554742, -1.8884412909132524], [1.0829480430304417, 2.187502861066606, -0.6220798046845197], [0.6280155642023346, 2.187502861066606, -1.0760662241550316], [0.008133058670939193, 2.497962920576791, 0.0], [1.2519417105363546, 0.0, -2.159227893492027], [0.007034409094377051, 2.187502861066606, -1.2418402380407416], [0.005920500495918211, 0.0, -2.491844052796216], [-1.0830090791180287, 1.2500038147554742, -1.886503395132372], [0.006195162890058747, 1.2500038147554742, -2.1793392843518733], [-0.61362630655375, 2.187502861066606, -1.0749675745784695], [-1.879972533760586, 1.2500038147554742, -1.0883497367818724], [-1.067750057221332, 2.187502861066606, -0.6201724269474327], [-2.171190966659037, 1.2500038147554742, 0.0012817578393224994], [-1.2336919203479058, 2.187502861066606, 0.0007324330510414282], [-1.8786907759212634, 1.2500038147554742, 1.0906080720225833], [-2.149233234149691, 0.0, 1.2469825284199283], [-1.067002365148394, 2.187502861066606, 0.6214541847867552], [-1.0807660028992143, 1.2500038147554742, 1.8878156710154879], [-0.6123445487144275, 2.187502861066606, 1.0757152666514076], [0.008880750743877317, 0.0, 2.4918593118181125], [0.008499275196459906, 2.187502861066606, 1.2418554970626383], [1.0981918059052416, 1.2500038147554742, 1.8871747920958266], [0.6292820630197604, 2.187502861066606, 1.0753490501258869], [0.008773937590600443, 1.2500038147554742, 2.1793545433737695], [1.254489967193103, 0.0, 2.157763027389944], [1.083680476081483, 2.187502861066606, 0.6208285648889906], [2.187502861066606, 1.2500038147554742, 0.0], [1.8956282902265964, 1.2500038147554742, 1.0894789044022277], [2.164797436484321, 0.0, -1.248249027237354], [1.2500038147554742, 2.187502861066606, 0.0], [-1.2394750896467537, 0.0, -2.1570000762951094], [-2.1507133592736705, 0.0, -1.2444190127412833], [-2.48369573510338, 0.0, 0.0014648661020828565], [-1.2369115739681087, 0.0, 2.1584954604409856], [2.1662775616083008, 0.0, 1.2457160296025025]], "polys":[{"back":65535, "front":1, "mat":0, "normal":0, "tris":[1, 28, 0], "vis":1}, {"back":65535, "front":2, "mat":0, "normal":0, "tris":[0, 30, 1], "vis":1}, {"back":65535, "front":3, "mat":0, "normal":1, "tris":[1, 30, 2], "vis":1}, {"back":65535, "front":4, "mat":0, "normal":1, "tris":[6, 2, 30], "vis":1}, {"back":65535, "front":5, "mat":0, "normal":2, "tris":[3, 31, 28], "vis":1}, {"back":65535, "front":6, "mat":0, "normal":2, "tris":[1, 3, 28], "vis":1}, {"back":65535, "front":7, "mat":0, "normal":3, "tris":[3, 1, 4], "vis":1}, {"back":65535, "front":8, "mat":0, "normal":3, "tris":[1, 2, 4], "vis":1}, {"back":65535, "front":9, "mat":0, "normal":4, "tris":[3, 5, 31], "vis":1}, {"back":65535, "front":10, "mat":0, "normal":5, "tris":[3, 4, 5], "vis":1}, {"back":65535, "front":11, "mat":0, "normal":6, "tris":[2, 6, 10], "vis":1}, {"back":65535, "front":12, "mat":0, "normal":6, "tris":[6, 8, 10], "vis":1}, {"back":65535, "front":13, "mat":0, "normal":7, "tris":[4, 2, 7], "vis":1}, {"back":65535, "front":14, "mat":0, "normal":7, "tris":[2, 10, 7], "vis":1}, {"back":65535, "front":15, "mat":0, "normal":8, "tris":[4, 7, 5], "vis":1}, {"back":65535, "front":16, "mat":0, "normal":9, "tris":[9, 10, 8], "vis":1}, {"back":65535, "front":17, "mat":0, "normal":9, "tris":[8, 32, 9], "vis":1}, {"back":65535, "front":18, "mat":0, "normal":10, "tris":[7, 10, 11], "vis":1}, {"back":65535, "front":19, "mat":0, "normal":10, "tris":[10, 9, 11], "vis":1}, {"back":65535, "front":20, "mat":0, "normal":11, "tris":[11, 5, 7], "vis":1}, {"back":65535, "front":21, "mat":0, "normal":12, "tris":[9, 32, 12], "vis":1}, {"back":65535, "front":22, "mat":0, "normal":12, "tris":[33, 12, 32], "vis":1}, {"back":65535, "front":23, "mat":0, "normal":13, "tris":[11, 9, 13], "vis":1}, {"back":65535, "front":24, "mat":0, "normal":13, "tris":[9, 12, 13], "vis":1}, {"back":65535, "front":25, "mat":0, "normal":14, "tris":[13, 5, 11], "vis":1}, {"back":65535, "front":26, "mat":0, "normal":15, "tris":[12, 33, 14], "vis":1}, {"back":65535, "front":27, "mat":0, "normal":15, "tris":[34, 14, 33], "vis":1}, {"back":65535, "front":28, "mat":0, "normal":16, "tris":[13, 12, 15], "vis":1}, {"back":65535, "front":29, "mat":0, "normal":16, "tris":[12, 14, 15], "vis":1}, {"back":65535, "front":30, "mat":0, "normal":17, "tris":[15, 5, 13], "vis":1}, {"back":65535, "front":31, "mat":0, "normal":18, "tris":[14, 34, 16], "vis":1}, {"back":65535, "front":32, "mat":0, "normal":18, "tris":[17, 16, 34], "vis":1}, {"back":65535, "front":33, "mat":0, "normal":19, "tris":[15, 14, 18], "vis":1}, {"back":65535, "front":34, "mat":0, "normal":19, "tris":[14, 16, 18], "vis":1}, {"back":65535, "front":35, "mat":0, "normal":20, "tris":[18, 5, 15], "vis":1}, {"back":65535, "front":36, "mat":0, "normal":21, "tris":[16, 17, 19], "vis":1}, {"back":65535, "front":37, "mat":0, "normal":21, "tris":[17, 35, 19], "vis":1}, {"back":65535, "front":38, "mat":0, "normal":22, "tris":[18, 16, 20], "vis":1}, {"back":65535, "front":39, "mat":0, "normal":22, "tris":[16, 19, 20], "vis":1}, {"back":65535, "front":40, "mat":0, "normal":23, "tris":[20, 5, 18], "vis":1}, {"back":65535, "front":41, "mat":0, "normal":24, "tris":[19, 35, 25], "vis":1}, {"back":65535, "front":42, "mat":0, "normal":24, "tris":[21, 25, 35], "vis":1}, {"back":65535, "front":43, "mat":0, "normal":25, "tris":[20, 19, 22],