{"bounds":{"max":[1.5706569008926528, 0.15829709315632867, 1.6814068818188754], "min":[-1.570641641870756, -0.15828183413443198, -1.6813916227969787]}, "center":[0.1940794995040818, -0.029175249866483566, 0.06373693446250095], "colors":["marker(0)", "marker(1)"], "normals":[[0.9999542229343099, 0.0, 0.009979400320439459], [0.9996032654306859, 0.007598992904554818, 0.02713054093232624], [0.9997863736934463, 0.015960936903944456, 0.01330586709391928], [0.9520561532005798, 0.0, -0.3059128709849699], [0.9768062867170214, -0.04231326771953914, -0.20987258716716262], [-0.17097734035248335, -0.9764858472571908, -0.1312581063553826], [-0.3016098268101015, -0.9412222476539254, -0.15199511711299307], [0.15107957579919126, -0.9823453116655222, 0.11021591515983825], [0.14038300144960708, -0.9842069123369193, 0.10777447165636683], [0.12199588006408789, 0.9872129396505684, 0.10263218127718013], [0.10859845883878844, 0.9920805676356146, 0.06317235065232318], [-0.14355687800411998, 0.9869993133440147, -0.072327763790341], [-0.20131227588311584, 0.964766918440528, -0.16935988403143354], [-0.2018616006713969, -0.9522240024414435, 0.22912947280079346], [0.12590218966964217, -0.9784695201037613, 0.16345464255741207], [0.5146257724879835, -0.6276798657206073, -0.5840695811398489], [0.07025253681239033, 0.9943389028763256, -0.07972838941023885], [0.5244983596551461, 0.8458838788433661, -0.09678797589074539], [-0.12140077821011674, 0.9830014496070801, 0.1378042267490654], [0.7418326085297933, -0.3428397039749752, -0.5763179980163271], [0.6604104676890211, -0.6452124818799114, 0.38413061722743574], [0.6073395895323109, -0.6593881132219425, 0.4430914778362707], [0.36510261692225526, -0.9285114824139773, -0.06736858167391468], [0.36479743648432134, -0.9243762874799726, -0.1115129320210575], [0.9999542229343099, 0.0, -0.00999465934233612], [0.9996032654306859, -0.007614251926451487, -0.027206836041809734], [0.9997863736934463, -0.0160067139696346, -0.013336385137712625], [0.9517204547188525, 0.0, 0.30699626153963533], [0.9766384374761578, 0.04248111696040284, 0.2106660563057908], [-0.1703364614328221, 0.9766079194323644, 0.13128862439917602], [-0.30057221332112616, 0.9415579461356527, 0.15205615320057983], [0.1505149919890135, 0.9824521248187991, -0.1102159151598383], [0.1398641947051194, 0.9842984664682993, -0.10777447165636678], [0.1215228503852903, -0.9872587167162585, -0.1026169222552834], [0.10818646524757763, -0.992111085679408, -0.06315709163042649], [-0.1430228122377356, -0.9870603494316015, 0.07235828183413444], [-0.20057984283207442, -0.9649042496375982, 0.16940566109712368], [-0.2011139085984588, 0.9523918516823071, -0.22914473182269013], [0.12542915999084459, 0.9785458152132448, -0.16345464255741204], [0.5131761654077973, 0.6283360036621652, 0.5846799420157168], [0.06999313344014649, -0.9943389028763256, 0.0797436484321355], [0.52304875257496, -0.8467689021133745, 0.09691004806591898], [-0.12094300755321585, -0.9830319676508735, -0.13778896772716864], [0.7405508506904708, 0.34357213702601663, 0.5775387197680628], [0.6589761196307317, 0.646295872434577, -0.38475623712520024], [0.6058747234302281, 0.6603341725795376, -0.44370183871213853], [0.36388189517051955, 0.9289997711146716, 0.06741435873960479], [0.3635919737544823, 0.9248493171587702, 0.11158922713054094]], "points":[[0.043305104142824444, 0.15829709315632867, -0.9089494163424124], [0.03910887312123293, -0.04150453955901423, -0.6979171435111009], [0.034195468070496685, -0.09578088044556343, -0.2641794460975051], [0.2814221408407721, -0.15828183413443198, 0.4545662623025864], [0.5506523231860838, -0.029175249866483566, 1.6814068818188754], [0.8935378042267491, 0.15829709315632867, -0.1598535133897917], [0.3228503852903029, 0.15829709315632867, 0.5834592202639811], [0.05362020294499122, -0.09578088044556343, 0.12416266117341879], [0.09329365987640192, -0.09578088044556343, 0.05597009231708248], [1.5706569008926528, -0.029175249866483566, -0.3425040054932479], [0.5241931792172122, 0.09579613946746014, -0.2494850080109865], [0.7704280155642024, -0.15828183413443198, -0.1266498817425803], [0.19859616998550392, 0.09579613946746014, 0.19678034637979705], [-0.04516670481422136, -0.029175249866483566, -1.6813916227969787], [-0.03320363164721141, -0.04150453955901423, -0.6979171435111009], [-0.19330128938735025, 0.09579613946746014, 0.19678034637979705], [-0.2764629587243458, -0.15828183413443198, 0.4545662623025864], [-0.3180437933928435, 0.15829709315632867, 0.5834592202639811], [-0.5467154955367362, -0.029175249866483566, 1.6814068818188754], [-0.8909132524605172, 0.15829709315632867, -0.1598535133897917], [-0.04777599755855655, -0.09578088044556343, 0.12416266117341879], [-0.08760204470893418, -0.09578088044556343, 0.05597009231708248], [-1.570641641870756, -0.029175249866483566, -0.3425040054932479], [-0.5201495384145876, 0.09579613946746014, -0.2494850080109865], [-0.7673304341191729, -0.15828183413443198, -0.1266498817425803], [-0.02827496757457848, -0.09578088044556343, -0.2641794460975051], [0.051026169222552833, -0.029175249866483566, -1.6813916227969787], [0.04190127412832837, -0.15828183413443198, -0.7685053788052185], [0.2814373998626688, -0.15828183413443198, 0.4545662623025864], [0.39804684519722283, -0.15828183413443198, -0.4547341115434501], [-0.037415121690699604, 0.15829709315632867, -0.9089494163424124], [-0.03601129167620354, -0.15828183413443198, -0.7685053788052185], [-0.0374303807125963, 0.15829709315632867, -0.9089494163424124], [-0.39353017471580076, -0.15828183413443198, -0.4547341115434501]], "polys":[{"back":65535, "color":0, "front":1, "normal":5, "tris":[5, 6, 4], "vis":1}, {"back":65535, "color":0, "front":2, "normal":6, "tris":[9, 5, 4], "vis":1}, {"back":65535, "color":0, "front":3, "normal":13, "tris":[9, 0, 5], "vis":1}, {"back":65535, "color":0, "front":4, "normal":13, "tris":[26, 0, 9], "vis":1}, {"back":65535, "color":0, "front":5, "normal":18, "tris":[26, 9, 11], "vis":1}, {"back":65535, "color":0, "front":6, "normal":18, "tris":[26, 11, 27], "vis":1}, {"back":26, "color":0, "front":7, "normal":1, "tris":[27, 1, 0], "vis":1}, {"back":65535, "color":0, "front":8, "normal":2, "tris":[27, 2, 1], "vis":1}, {"back":25, "color":0, "front":9, "normal":14, "tris":[5, 1, 10], "vis":1}, {"back":65535, "color":0, "front":10, "normal":7, "tris":[10, 12, 6], "vis":1}, {"back":65535, "color":0, "front":11, "normal":8, "tris":[6, 5, 10], "vis":1}, {"back":21, "color":1, "front":12, "normal":21, "tris":[12, 10, 8], "vis":1}, {"back":65535, "color":1, "front":13, "normal":20, "tris":[12, 8, 7], "vis":1}, {"back":19, "color":0, "front":14, "normal":9, "tris":[11, 3, 7], "vis":1}, {"back":17, "color":0, "front":15, "normal":4, "tris":[4, 6, 3], "vis":1}, {"back":16, "color":0, "front":65535, "normal":11, "tris":[9, 4, 3], "vis":1}, {"back":65535, "color":0, "front":65535, "normal":12, "tris":[9, 3, 11], "vis":1}, {"back":18, "color":0, "front":65535, "normal":3, "tris":[6, 12, 3], "vis":1}, {"back":65535, "color":1, "front":65535, "normal":19, "tris":[28, 12, 7], "vis":1}, {"back":20, "color":0, "front":65535, "normal":10, "tris":[11, 7, 8], "vis":1}, {"back":65535, "color":0, "front":65535, "normal":16, "tris":[29, 11, 8], "vis":1}, {"back":65535, "color":0, "front":22, "normal":16, "tris":[27, 29, 8], "vis":1}, {"back":65535, "color":0, "front":23, "normal":17, "tris":[8, 2, 27], "vis":1}, {"back":24, "color":1, "front":65535, "normal":22, "tris":[10, 2, 8], "vis":1}, {"back":65535, "color":1, "front":65535, "normal":23, "tris":[10, 1, 2], "vis":1}, {"back":65535, "color":0, "front":65535, "normal":15, "tris":[5, 0, 1], "vis":1}, {"back":27, "color":0, "front":65535, "normal":0, "tris":[26, 27, 0], "vis":1}, {"back":28, "color":0, "front":65535, "normal":29, "tris":[19, 17, 18], "vis":2}, {"back":29, "color":0, "front":65535, "normal":30, "tris":[22, 19, 18], "vis":2}, {"back":31, "color":0, "front":30, "normal":37, "tris":[30, 19, 22], "vis":2}, {"back":65535, "color":0, "front":65535,