{
  "LEDI": [
    {
      "Alf": "strawberry-banana.alf",
      "Name": "Strawberry Banana",
      "Message": "[ Juice ]"
    },
    {
      "Alf": "strawberry-kiwi.alf",
      "Name": "Strawberry Kiwi",
      "Message": "[ Fruity ]"
    }
  ],
  "HULL": {
    "135": {
      "Hull Res ID": 215,
      "Max Missiles": 0,
      "Max Grenades": 8,
      "Max boosters": 2,
      "Mass": 140.0,
      "Max Energy": 0.9000076295109484,
      "Energy Charge": 4.0,
      "Max Shields": 0.9000076295109484,
      "Shield Charge": 1.0500038147554742,
      "Min Shot": 1.0,
      "Max Shot": 0.9000076295109484,
      "Shot Charge": 10.0,
      "Riding Height": 0.2500038147554742,
      "Acceleration": 1.2,
      "Jump Power": 1.0
    },
    "136": {
      "Hull Res ID": 215,
      "Max Missiles": 6,
      "Max Grenades": 0,
      "Max boosters": 2,
      "Mass": 140.0,
      "Max Energy": 0.9000076295109484,
      "Energy Charge": 4.0,
      "Max Shields": 0.9000076295109484,
      "Shield Charge": 1.0500038147554742,
      "Min Shot": 1.0,
      "Max Shot": 0.9000076295109484,
      "Shot Charge": 10.0,
      "Riding Height": 0.2500038147554742,
      "Acceleration": 1.2,
      "Jump Power": 1.0
    }
  },
  "BSPT": {}
}