{
  "LEDI": [
    {
      "Alf": "we-be-ground-pounders.alf",
      "Name": "We Be Ground Pounders",
      "Message": "You cannot outrun it, you cannot outhide it, all you can do is fear it"
    }
  ],
  "HULL": {
    "6666": {
      "Hull Res ID": 215,
      "Max Missiles": 3,
      "Max Grenades": 6,
      "Max boosters": 0,
      "Mass": 117.11181811245899,
      "Max Energy": 0.9000076295109484,
      "Energy Charge": 1.9655451285572596,
      "Max Shields": 0.9000076295109484,
      "Shield Charge": 1.0500038147554742,
      "Min Shot": 1.0,
      "Max Shot": 0.9000076295109484,
      "Shot Charge": 1.9655451285572596,
      "Riding Height": 0.2500038147554742,
      "Acceleration": 0.72480354009308,
      "Jump Power": 1.0
    },
    "6667": {
      "Hull Res ID": 215,
      "Max Missiles": 2,
      "Max Grenades": 4,
      "Max boosters": 0,
      "Mass": 117.11181811245899,
      "Max Energy": 0.9000076295109484,
      "Energy Charge": 1.9655451285572596,
      "Max Shields": 0.9000076295109484,
      "Shield Charge": 1.0500038147554742,
      "Min Shot": 1.0,
      "Max Shot": 0.9000076295109484,
      "Shot Charge": 1.9655451285572596,
      "Riding Height": 0.2500038147554742,
      "Acceleration": 0.762951094834821,
      "Jump Power": 1.0
    }
  },
  "BSPT": {}
}