{"bounds":{"max":[0.5000076295109483, 0.5159990844586863, 0.5000076295109483], "min":[-0.49999237048905165, -0.011978332188906649, -0.49999237048905165]}, "center":[-0.00010681315327687457, 0.36299687190051116, -1.5259021896696368e-05], "materials":[{"base":"marker(0)"}, {"base":"marker(1)"}], "normals":[[0.0, 1.0, 0.0], [-0.9494926375219348, 0.25053788052185855, 0.188891432059205], [-0.949080643930724, -0.25220111390859845, 0.18879987792782482], [-0.9494926375219348, 0.25053788052185855, -0.1889066910811017], [-0.949080643930724, -0.25220111390859845, -0.18881513694972152], [-0.9234912642099642, 0.3062943465323873, 0.2309147783627069], [-0.9237811856260014, -0.30653849088273444, 0.22948043030441745], [-0.9234912642099642, 0.3062943465323873, -0.23093003738460366], [-0.9237811856260014, -0.30653849088273444, -0.22949568932631417], [-0.809246967269398, 0.24003967345693145, 0.5361715114061189], [-0.809246967269398, -0.24005493247882811, 0.5361715114061189], [-0.7386892500190738, -0.6539253833829252, 0.16345464255741204], [-0.809246967269398, 0.24003967345693145, -0.5361867704280155], [-0.7386892500190738, -0.6539253833829252, -0.16346990157930877], [-0.809246967269398, -0.24005493247882811, -0.5361867704280155], [-0.6463416495002671, -0.4055542839703975, 0.6463263904783703], [-0.5777218280308232, -0.7702906843671321, 0.26996261539635313], [-0.6463416495002671, 0.4055390249485008, -0.6463416495002671], [-0.5777218280308232, -0.7702906843671321, -0.2699778744182498], [-0.6463416495002671, -0.4055542839703975, -0.6463416495002671], [-0.6463416495002671, 0.4055390249485008, 0.6463263904783703], [-0.5144884412909132, -0.685999847409781, 0.5144731822690165], [-0.5144884412909132, -0.685999847409781, -0.5144884412909132], [-0.44026855878538185, -0.8859845883878843, 0.14564736400396738], [-0.5361867704280155, -0.24005493247882811, 0.8092317082475013], [-0.5361867704280155, 0.24003967345693145, -0.809246967269398], [-0.5361867704280155, -0.24005493247882811, -0.809246967269398], [-0.44026855878538185, -0.8859845883878843, -0.14566262302586405], [-0.5361867704280155, 0.24003967345693145, 0.8092317082475013], [-0.2699778744182498, -0.7702906843671321, 0.5777065690089265], [-0.2699778744182498, -0.7702906843671321, -0.5777218280308232], [-0.17836270695048448, -0.9676661326009003, 0.1783474479285878], [-0.22949568932631417, -0.30653849088273444, 0.9237659266041047], [-0.23093003738460366, 0.3062943465323873, -0.9234912642099642], [-0.22949568932631417, -0.30653849088273444, -0.9237811856260014], [-0.17836270695048448, -0.9676661326009003, -0.17836270695048448], [-0.23093003738460366, 0.3062943465323873, 0.9234760051880675], [-0.14566262302586405, -0.8859845883878843, 0.44025329976348515], [-0.16346990157930877, -0.6539253833829252, 0.7386739909971771], [-0.16346990157930877, -0.6539253833829252, -0.7386892500190738], [-0.14566262302586405, -0.8859845883878843, -0.44026855878538185], [-0.1484397650110628, -0.9777218280308232, 0.14842450598916612], [-0.18881513694972152, -0.25220111390859845, 0.9490653849088273], [-0.1889066910811017, 0.25053788052185855, -0.9494926375219348], [-0.18881513694972152, -0.25220111390859845, -0.949080643930724], [-0.1484397650110628, -0.9777218280308232, -0.1484397650110628], [-0.1889066910811017, 0.25053788052185855, 0.9494773785000381], [0.18879987792782482, -0.25220111390859845, 0.9490653849088273], [0.14842450598916612, -0.9777218280308232, 0.14842450598916612], [0.188891432059205, 0.25053788052185855, 0.9494773785000381], [0.188891432059205, 0.25053788052185855, -0.9494926375219348], [0.14842450598916612, -0.9777218280308232, -0.1484397650110628], [0.18879987792782482, -0.25220111390859845, -0.949080643930724], [0.16345464255741204, -0.6539253833829252, 0.7386739909971771], [0.14564736400396738, -0.8859845883878843, 0.44025329976348515], [0.14564736400396738, -0.8859845883878843, -0.44026855878538185], [0.16345464255741204, -0.6539253833829252, -0.7386892500190738], [0.22948043030441745, -0.30653849088273444, 0.9237659266041047], [0.1783474479285878, -0.9676661326009003, 0.1783474479285878], [0.2309147783627069, 0.3062943465323873, 0.9234760051880675], [0.2309147783627069, 0.3062943465323873, -0.9234912642099642], [0.1783474479285878, -0.9676661326009003, -0.17836270695048448], [0.22948043030441745, -0.30653849088273444, -0.9237811856260014], [0.26996261539635313, -0.7702906843671321, 0.5777065690089265], [0.26996261539635313, -0.7702906843671321, -0.5777218280308232], [0.5361715114061189, -0.24005493247882811, 0.8092317082475013], [0.44025329976348515, -0.8859845883878843, 0.14564736400396738], [0.5361715114061189, 0.24003967345693145, 0.8092317082475013], [0.5361715114061189, 0.24003967345693145, -0.809246967269398], [0.44025329976348515, -0.8859845883878843, -0.14566262302586405], [0.5361715114061189, -0.24005493247882811, -0.809246967269398], [0.5144731822690165, -0.685999847409781, 0.5144731822690165], [0.5144731822690165, -0.685999847409781, -0.5144884412909132], [0.6463263904783703, 0.4055390249485008, -0.6463416495002671], [0.5777065690089265, -0.7702906843671321, 0.26996261539635313], [0.6463263904783703, -0.4055542839703975, 0.6463263904783703], [0.6463263904783703, 0.4055390249485008, 0.6463263904783703], [0.5777065690089265, -0.7702906843671321, -0.2699778744182498], [0.6463263904783703, -0.4055542839703975, -0.6463416495002671], [0.7386739909971771, -0.6539253833829252, 0.16345464255741204], [0.8092317082475013, -0.24005493247882811, 0.5361715114061189], [0.8092317082475013, 0.24003967345693145, 0.5361715114061189], [0.8092317082475013, 0.24003967345693145, -0.5361867704280155], [0.8092317082475013, -0.24005493247882811, -0.5361867704280155], [0.7386739909971771, -0.6539253833829252, -0.16346990157930877], [0.9237659266041047, -0.30653849088273444, 0.22948043030441745], [0.9234760051880675, 0.3062943465323873, 0.2309147783627069], [0.9234760051880675, 0.3062943465323873, -0.23093003738460366], [0.9237659266041047, -0.30653849088273444, -0.22949568932631417], [0.9490653849088273, -0.25220111390859845, 0.18879987792782482], [0.9494773785000381, 0.25053788052185855, 0.188891432059205], [0.9494773785000381, 0.25053788052185855, -0.1889066910811017], [0.9490653849088273, -0.25220111390859845, -0.18881513694972152]],