{"bounds":{"max":[0.5000076295109483, 0.6650034332799267, 0.5000076295109483], "min":[-0.49999237048905165, -0.010971236743724688, -0.49999237048905165]}, "center":[-0.003204394598306237, 0.45021744106202793, -0.0007171740291447293], "materials":[{"base":"marker(0)"}], "normals":[[0.9636835278858625, -0.18587014572365912, -0.19171435111009383], [0.9638513771267262, 0.18496986343175403, 0.19176012817578394], [0.9636835278858625, -0.18587014572365912, 0.19172961013199055], [0.9638513771267262, 0.18496986343175403, -0.19174486915388722], [0.9448996719310292, 0.2272983901731899, 0.23562981612878614], [0.9446707866025787, -0.22832074464026852, 0.23550774395361257], [0.9448996719310292, 0.2272983901731899, -0.2356145571068895], [0.9446707866025787, -0.22832074464026852, -0.23549248493171593], [0.8205386434729534, 0.17648584725719083, 0.5436636911573968], [0.8252994583047226, 0.5337300679026474, 0.18445105668726636], [0.8204165712977798, -0.17729457541771576, 0.5435873960479133], [0.8252994583047226, 0.5337300679026474, -0.18443579766536966], [0.8205386434729534, 0.17648584725719083, -0.5436484321355002], [0.8204165712977798, -0.17729457541771576, -0.5435721370260167], [0.6798962386511025, 0.6604715037766079, -0.31859311818112457], [0.673136491950866, 0.3062485694666972, -0.6731212329289693], [0.6728313115129321, -0.3075608453498131, -0.6728160524910354], [0.673136491950866, 0.3062485694666972, 0.673136491950866], [0.6798962386511025, 0.6604715037766079, 0.31860837720302126], [0.6728313115129321, -0.3075608453498131, 0.6728313115129321], [0.5828488593881133, 0.5662012664988174, 0.5828488593881133], [0.5828488593881133, 0.5662012664988174, -0.5828336003662165], [0.5435873960479133, -0.17729457541771576, -0.8204013122758831], [0.35550469214923325, 0.9346608682383459, 0.0048218509193560695], [0.5436636911573968, 0.17648584725719083, 0.8205386434729534], [0.5435873960479133, -0.17729457541771576, 0.8204165712977798], [0.5436636911573968, 0.17648584725719083, -0.8205233844510567], [0.35550469214923325, 0.9346608682383459, -0.004806591897459356], [0.31860837720302126, 0.6604715037766079, 0.6798962386511025], [0.31860837720302126, 0.6604715037766079, -0.6798809796292058], [0.23550774395361257, -0.22832074464026852, -0.944655527580682], [0.027618829633020522, 0.9992370489051652, 0.027618829633020522], [0.23562981612878614, 0.2272983901731899, 0.9448996719310292], [0.23550774395361257, -0.22832074464026852, 0.9446707866025787], [0.23562981612878614, 0.2272983901731899, -0.9448844129091325], [0.027618829633020522, 0.9992370489051652, -0.02760357061112384], [0.0048218509193560695, 0.9346608682383459, 0.35550469214923325], [0.18445105668726636, 0.5337300679026474, 0.8252994583047226], [0.18445105668726636, 0.5337300679026474, -0.8252841992828259], [0.0048218509193560695, 0.9346608682383459, -0.3554894331273365], [0.19172961013199055, -0.18587014572365912, -0.9636682688639658], [0.1961699855039292, 0.9607537956816968, 0.1961699855039292], [0.19176012817578394, 0.18496986343175403, 0.9638513771267262], [0.19172961013199055, -0.18587014572365912, 0.9636835278858625], [0.19176012817578394, 0.18496986343175403, -0.9638361181048295], [0.1961699855039292, 0.9607537956816968, -0.19615472648203247], [-0.19174486915388722, 0.18496986343175403, 0.9638513771267262], [-0.19615472648203247, 0.9607537956816968, 0.1961699855039292], [-0.19171435111009383, -0.18587014572365912, 0.9636835278858625], [-0.19171435111009383, -0.18587014572365912, -0.9636682688639658], [-0.19615472648203247, 0.9607537956816968, -0.19615472648203247], [-0.19174486915388722, 0.18496986343175403, -0.9638361181048295], [-0.18443579766536966, 0.5337300679026474, 0.8252994583047226], [-0.004806591897459356, 0.9346608682383459, 0.35550469214923325], [-0.004806591897459356, 0.9346608682383459, -0.3554894331273365], [-0.18443579766536966, 0.5337300679026474, -0.8252841992828259], [-0.2356145571068895, 0.2272983901731899, 0.9448996719310292], [-0.02760357061112384, 0.9992370489051652, 0.027618829633020522], [-0.23549248493171593, -0.22832074464026852, 0.9446707866025787], [-0.23549248493171593, -0.22832074464026852, -0.944655527580682], [-0.02760357061112384, 0.9992370489051652, -0.02760357061112384], [-0.2356145571068895, 0.2272983901731899, -0.9448844129091325], [-0.31859311818112457, 0.6604715037766079, 0.6798962386511025], [-0.31859311818112457, 0.6604715037766079, -0.6798809796292058], [-0.5436484321355002, 0.17648584725719083, 0.8205386434729534], [-0.3554894331273365, 0.9346608682383459, 0.0048218509193560695], [-0.5435721370260167, -0.17729457541771576, 0.8204165712977798], [-0.5435721370260167, -0.17729457541771576, -0.8204013122758831], [-0.3554894331273365, 0.9346608682383459, -0.004806591897459356], [-0.5436484321355002, 0.17648584725719083, -0.8205233844510567], [-0.5828336003662165, 0.5662012664988174, 0.5828488593881133], [-0.5828336003662165, 0.5662012664988174, -0.5828336003662165], [-0.6728160524910354, -0.3075608453498131, 0.6728313115129321], [-0.6731212329289693, 0.3062485694666972, 0.673136491950866], [-0.6798809796292058, 0.6604715037766079, 0.31860837720302126], [-0.6728160524910354, -0.3075608453498131, -0.6728160524910354], [-0.6731212329289693, 0.3062485694666972, -0.6731212329289693], [-0.6798809796292058, 0.6604715037766079, -0.31859311818112457], [-0.8252841992828259, 0.5337300679026474, 0.18445105668726636], [-0.8205233844510567, 0.17648584725719083, 0.5436636911573968], [-0.8204013122758831, -0.17729457541771576, 0.5435873960479133], [-0.8204013122758831, -0.17729457541771576, -0.5435721370260167], [-0.8205233844510567, 0.17648584725719083, -0.5436484321355002], [-0.8252841992828259, 0.5337300679026474, -0.18443579766536966], [-0.9448844129091325, 0.2272983901731899, 0.23562981612878614], [-0.944655527580682, -0.22832074464026852, 0.23550774395361257], [-0.944655527580682, -0.22832074464026852, -0.23549248493171593], [-0.9448844129091325, 0.2272983901731899, -0.2356145571068895], [-0.9638361181048295, 0.18496986343175403, 0.19176012817578394], [-0.9636682688639658, -0.18587014572365912, 0.19172961013199055], [-0.9636682688639658, -0.18587014572365912, -0.19171435111009383], [-0.9638361181048295, 0.18496986343175403, -0.19174486915388722]],