{"bounds":{"max":[0.4, 1.2, 0.5000076295109483], "min":[-0.44998855573357743, -0.5999847409781033, -0.49999237048905165]}, "center":[0.0, 0.30000762951094834, 0.0], "colors":["marker(0)"], "normals":[[0.9394369420920119, 0.22925154497596703, 0.25476462958724344], [0.9394369420920119, -0.2292362859540703, 0.25476462958724344], [0.9394369420920119, -0.2292362859540703, -0.25474937056534674], [0.9394369420920119, 0.22925154497596703, -0.25474937056534674], [0.944609750514992, -0.3281910429541467, 0.0], [0.944609750514992, 0.32820630197604334, 0.0], [0.6346379797055008, -0.4410009918364233, 0.6346379797055008], [0.6346379797055008, 0.44101625085831997, 0.6346379797055008], [0.6346379797055008, -0.4410009918364233, -0.6346227206836041], [0.6346379797055008, 0.44101625085831997, -0.6346227206836041], [0.8615396353093767, -0.5076829175249866, 0.0], [0.407690547035935, 0.9131303883421072, 0.0], [-0.6267185473411154, 0.46305027847714963, -0.6267185473411154], [-0.6267185473411154, 0.46305027847714963, 0.6267338063630121], [0.3645532921339742, -0.29292744335088117, 0.8839093614099336], [0.3645532921339742, 0.2929427023727779, 0.8839093614099336], [0.3645532921339742, -0.29292744335088117, -0.8838941023880369], [0.3645532921339742, 0.2929427023727779, -0.8838941023880369], [0.2885175860227359, 0.9129777981231403, 0.2885175860227359], [0.2885175860227359, 0.9129777981231403, -0.2885023270008392], [-0.86152437628748, 0.5076981765468833, 0.0], [-0.9904173342488747, 0.11480888075074387, 0.07672236209658961], [-0.9904173342488747, 0.11480888075074387, -0.07670710307469286], [-0.9920805676356146, 0.12550545510032807, 0.0], [0.0, -0.32668039978637364, 0.9451285572594796], [0.0, 0.43907835507743953, -0.8984359502555886], [0.0, -0.43906309605554283, -0.8984359502555886], [0.0, 0.9131303883421072, 0.407690547035935], [0.0, 0.9131303883421072, -0.4076752880140383], [0.0, -0.32668039978637364, -0.9451132982375829], [0.0, 0.43907835507743953, 0.8984512092774853], [0.0, -0.43906309605554283, 0.8984512092774853], [0.9104905775539788, 0.24507515068284122, 0.3330891889829862], [0.9104905775539788, 0.24507515068284122, -0.33307392996108953], [-0.9737850003814755, -0.22738994430457005, 0.0], [-0.2885023270008392, 0.9129777981231403, -0.2885023270008392], [-0.2885023270008392, 0.9129777981231403, 0.2885175860227359], [-0.36453803311207755, -0.29292744335088117, 0.8839093614099336], [-0.36453803311207755, -0.29292744335088117, -0.8838941023880369], [-0.36453803311207755, 0.2929427023727779, -0.8838941023880369], [-0.36453803311207755, 0.2929427023727779, 0.8839093614099336], [0.8513313496604867, 0.32990005340657663, 0.40791943236438544], [0.8513313496604867, 0.32990005340657663, -0.40790417334248874], [0.9682917524986648, 0.2498817425803006, 0.0], [-0.9682764934767681, -0.2498664835584039, 0.0], [-0.4076752880140383, 0.9131303883421072, 0.0], [-0.7764095521477073, -0.5086900129701686, -0.3720149538414588], [-0.7764095521477073, -0.5086900129701686, 0.37203021286335547], [-0.6346227206836041, 0.44101625085831997, 0.6346379797055008], [-0.6346227206836041, 0.44101625085831997, -0.6346227206836041], [-0.8984359502555886, -0.43906309605554283, 0.0], [-0.9091783016708629, -0.3992523079270619, 0.1181353475242237], [-0.9091783016708629, -0.3992523079270619, -0.11812008850232703], [-0.9793850614175631, 0.20195315480277715, 0.0], [-0.9799038681620508, 0.153505760280766, -0.12730601968413824], [-0.9799038681620508, 0.153505760280766, 0.12732127870603493]], "points":[[-0.44998855573357743, -0.09997711146715493, 0.0], [-0.32698558022430757, -0.453986419470512, 0.13499656672007324], [-0.32698558022430757, 0.2540016784924086, -0.1349813076981765], [-0.35397878995956356, -0.09997711146715493, -0.35397878995956356], [-0.1349813076981765, -0.453986419470512, -0.32698558022430757], [-0.35397878995956356, -0.09997711146715493, 0.3539940489814603], [-0.32698558022430757, 0.2540016784924086, 0.13499656672007324], [-0.32698558022430757, -0.453986419470512, -0.1349813076981765], [-0.1349813076981765, 0.2540016784924086, -0.32698558022430757], [-0.06297398336766613, 0.7020065613794155, 0.06799420157167925], [-0.1349813076981765, 0.2540016784924086, 0.3270008392462043], [-0.1349813076981765, -0.453986419470512, 0.3270008392462043], [0.0, 1.2, 0.0], [0.0, -0.09997711146715493, 0.5000076295109483], [0.0, -0.5999847409781033, 0.0], [0.13499656672007324, 0.2540016784924086, 0.3270008392462043], [0.0, -0.09997711146715493, -0.49999237048905165], [0.13499656672007324, -0.453986419470512, 0.3270008392462043], [0.13499656672007324, -0.453986419470512, -0.32698558022430757], [0.13499656672007324, 0.2540016784924086, -0.32698558022430757], [0.16299687190051118, 0.5020065613794156, 0.06799420157167925], [0.22699320973525597, 0.2540016784924086, 0.13499656672007324], [0.22699320973525597, 0.2540016784924086, -0.1349813076981765], [0.3270008392462043, -0.453986419470512, 0.13499656672007324], [0.3539940489814603, -0.09997711146715493, 0.3539940489814603], [0.3539940489814603, -0.09997711146715493, -0.35397878995956356], [0.4, -0.09997711146715493, 0.0], [0.3270008392462043, -0.453986419470512, -0.1349813076981765], [-0.06297398336766613, 0.7020065613794155, -0.06797894254978254], [0.16299687190051118, 0.5020065613794156, -0.06797894254978254], [0.3892576485847257, -0.09997711146715493, -0.08264286259250786], [0.22699320973525597, 0.2540016784924086, -0.07550164034485385], [0.3318226901655604, 0.03949034866865034, 0.053192950331883725], [0.3868772411688411, -0.09997711146715493, 0.10101472495613031], [0.163759822995346, 0.4990463111314565, -0.06807049668116272], [0.2209048599984741, 0.2540016784924086, 0.14769207293812467]], "polys":[{"back":65535, "color":0, "front":1, "normal":0, "tris":[7, 0, 3], "vis":1}, {"back":65535, "color":0, "front":2, "normal":1, "tris":[3, 0, 2], "vis":1}, {"back":65535, "color":0, "front":3, "normal":2, "tris":[6, 0, 5], "vis":1}, {"back":65535, "color":0, "front":4, "normal":3, "tris":[5, 0, 1], "vis":1}, {"back":65535, "color":0, "front":5, "normal":5, "tris":[7, 1, 0], "vis":1}, {"back":65535, "color":0, "front":6, "normal":7, "tris":[4, 7, 3], "vis":1}, {"back":65535, "color":0, "front":7, "normal":9, "tris":[5, 1, 11], "vis":1}, {"back":65535, "color":0, "front":8, "normal":11, "tris":[14, 1, 7], "vis":1}, {"back":65535, "color":0, "front":9, "normal":14, "tris":[16, 3, 8], "vis":1}, {"back":65535, "color":0, "front":10, "normal":15, "tris":[4, 3, 16], "vis":1}, {"back":65535, "color":0, "front":11, "normal":16, "tris":[10, 5, 13], "vis":1}, {"back":65535, "color":0, "front":12, "normal":17, "tris":[13, 5, 11], "vis":1}, {"back":65535, "color":0, "front":13, "normal":18, "tris":[14, 7, 4], "vis":1}, {"back":65535, "color":0, "front":14, "normal":19, "tris":[14, 11, 1], "vis":1}, {"back":65535, "color":0, "front":15, "normal":25, "tris":[13, 11, 17], "vis":1}, {"back":65535, "color":0, "front":16, "normal":27, "tris":[18, 14, 4], "vis":1}, {"back":65535, "color":0, "front":17, "normal":28, "tris":[14, 17, 11], "vis":1}, {"back":65535, "color":0, "front":18, "normal":30, "tris":[18, 4, 16], "vis":1}, {"back":65535, "color":0, "front":19, "normal":35, "tris":[17, 14, 23], "vis":1}, {"back":65535, "color":0, "front":20, "normal":36, "tris":[27, 14, 18], "vis":1}, {"back":65535, "color":0, "front":21, "normal":37, "tris":[25, 16, 19], "vis":1}, {"back":65535, "color":0, "front":22, "normal":38, "tris":[15, 13, 24], "vis":1}, {"back":65535, "color":0, "front":23, "normal":39, "tris":[24, 13, 17], "vis":1}, {"back":61, "color":0, "front":24, "normal":29, "tris":[12, 10, 15], "vis":1}, {"back":34, "color":0, "front":25, "normal":21, "tris":[12, 28, 8], "vis":3}, {"back":65535, "color":0, "front":26, "normal":22, "tris":[10, 9, 12], "vis":3}, {"back":33, "color":0, "front":27, "normal":10, "tris":[28, 2, 6], "vis":1}, {"back":65535, "color":0, "front":28, "normal":4, "tris":[6, 2, 0], "vis":1}, {"back":65535, "color":0, "front":29, "normal":6, "tris":[3, 2, 8], "vis":1}, {"back":65535,